contig,HV_001_01,HV_001_02,HV_001_03,HV_001_04,HV_001_05,HV_001_06,HV_001_07,HV_001_08,HV_001_09,HV_001_10,HV_001_11,HV_001_12,HV_001_13,HV_001_14,HV_001_15,HV_001_16,HV_001_18,HV_001_19,HV_001_20,HV_001_21,HV_001_22,HV_002_01,HV_002_02,HV_002_03,HV_002_04,HV_002_05,HV_002_06,HV_002_07,HV_002_08,HV_002_09,HV_002_10,HV_002_11,HV_002_12,HV_002_13,HV_002_14,HV_002_15,HV_002_18,HV_002_19,HV_002_20,HV_002_21,HV_002_22,HV_003_01,HV_003_02,HV_003_03,HV_003_04,HV_003_05,HV_003_06,HV_003_07,HV_003_08,HV_003_09,HV_003_10,HV_003_11,HV_003_12,HV_003_13,HV_003_14,HV_003_15,HV_003_16,HV_003_18,HV_003_19,HV_003_20,HV_003_21,HV_003_22,HV_004_01,HV_004_02,HV_004_03,HV_004_04,HV_004_05,HV_004_06,HV_004_07,HV_004_08,HV_004_09,HV_004_10,HV_004_11,HV_004_12,HV_004_13,HV_004_14,HV_004_15,HV_004_16,HV_004_18,HV_004_19,HV_004_20,HV_004_21,HV_004_22,HV_005_01,HV_005_03,HV_005_04,HV_005_05,HV_005_06,HV_005_07,HV_005_08,HV_005_09,HV_005_10,HV_005_11,HV_005_12,HV_005_13,HV_005_14,HV_005_15,HV_005_16,HV_005_18,HV_005_19,HV_005_20,HV_005_22,HV_006_01,HV_006_02,HV_006_03,HV_006_04,HV_006_05,HV_006_06,HV_006_07,HV_006_08,HV_006_09,HV_006_10,HV_006_11,HV_006_12,HV_006_13,HV_006_14,HV_006_15,HV_006_16,HV_006_18,HV_006_19,HV_006_20,HV_006_21,HV_006_22,HV_007_01,HV_007_02,HV_007_03,HV_007_04,HV_007_05,HV_007_06,HV_007_07,HV_007_08,HV_007_09,HV_007_10,HV_007_11,HV_007_12,HV_007_13,HV_007_14,HV_007_15,HV_007_16,HV_007_18,HV_007_19,HV_007_20,HV_007_21,HV_007_22,HV_008_01,HV_008_02,HV_008_03,HV_008_04,HV_008_05,HV_008_06,HV_008_07,HV_008_08,HV_008_09,HV_008_10,HV_008_11,HV_008_12,HV_008_13,HV_008_14,HV_008_15,HV_008_16,HV_008_18,HV_008_19,HV_008_20,HV_008_21,HV_008_22,HV_009_01,HV_009_03,HV_009_04,HV_009_05,HV_009_06,HV_009_07,HV_009_08,HV_009_09,HV_009_10,HV_009_11,HV_009_12,HV_009_13,HV_009_14,HV_009_15,HV_009_16,HV_009_18,HV_009_19,HV_009_20,HV_009_21,HV_009_22,HV_010_01,HV_010_02,HV_010_03,HV_010_04,HV_010_05,HV_010_06,HV_010_07,HV_010_08,HV_010_09,HV_010_10,HV_010_11,HV_010_12,HV_010_13,HV_010_14,HV_010_15,HV_010_16,HV_010_18,HV_010_19,HV_010_20,HV_010_21,HV_010_22,HV_011_01,HV_011_02,HV_011_03,HV_011_04,HV_011_05,HV_011_06,HV_011_07,HV_011_08,HV_011_09,HV_011_10,HV_011_11,HV_011_12,HV_011_13,HV_011_14,HV_011_15,HV_011_16,HV_011_18,HV_011_19,HV_011_20,HV_011_21,HV_011_22,HV_012_01,HV_012_02,HV_012_03,HV_012_04,HV_012_05,HV_012_06,HV_012_07,HV_012_08,HV_012_09,HV_012_10,HV_012_11,HV_012_12,HV_012_13,HV_012_14,HV_012_15,HV_012_16,HV_012_18,HV_012_19,HV_012_20,HV_012_21,HV_012_22,HV_013_01,HV_013_02,HV_013_03,HV_013_04,HV_013_05,HV_013_07,HV_013_08,HV_013_09,HV_013_10,HV_013_11,HV_013_12,HV_013_13,HV_013_14,HV_013_15,HV_013_16,HV_013_18,HV_013_19,HV_013_20,HV_013_21,HV_013_22,HV_014_01,HV_014_02,HV_014_03,HV_014_04,HV_014_05,HV_014_06,HV_014_07,HV_014_08,HV_014_09,HV_014_10,HV_014_11,HV_014_12,HV_014_13,HV_014_14,HV_014_15,HV_014_16,HV_014_18,HV_014_19,HV_014_20,HV_014_21,HV_014_22,HV_015_01,HV_015_02,HV_015_03,HV_015_04,HV_015_05,HV_015_06,HV_015_07,HV_015_08,HV_015_09,HV_015_10,HV_015_11,HV_015_12,HV_015_13,HV_015_14,HV_015_15,HV_015_16,HV_015_18,HV_015_19,HV_015_20,HV_015_21,HV_016_01,HV_016_02,HV_016_03,HV_016_04,HV_016_05,HV_016_06,HV_016_07,HV_016_08,HV_016_09,HV_016_10,HV_016_11,HV_016_12,HV_016_13,HV_016_14,HV_016_15,HV_016_16,HV_016_18,HV_016_19,HV_016_20,HV_016_21,HV_016_22,HV_017_01,HV_017_02,HV_017_03,HV_017_04,HV_017_05,HV_017_06,HV_017_07,HV_017_08,HV_017_09,HV_017_10,HV_017_11,HV_017_12,HV_017_13,HV_017_14,HV_017_15,HV_017_16,HV_017_18,HV_017_19,HV_017_20,HV_017_21,HV_017_22,HV_018_01,HV_018_02,HV_018_03,HV_018_04,HV_018_05,HV_018_06,HV_018_07,HV_018_08,HV_018_09,HV_018_10,HV_018_11,HV_018_12,HV_018_13,HV_018_14,HV_018_15,HV_018_16,HV_018_18,HV_018_19,HV_018_20,HV_018_21,HV_018_22,HV_019_01,HV_019_02,HV_019_03,HV_019_04,HV_019_05,HV_019_06,HV_019_07,HV_019_08,HV_019_09,HV_019_10,HV_019_11,HV_019_12,HV_019_13,HV_019_14,HV_019_15,HV_019_16,HV_019_18,HV_019_19,HV_019_20,HV_019_21,HV_019_22,HV_020_01,HV_020_02,HV_020_03,HV_020_04,HV_020_05,HV_020_06,HV_020_07,HV_020_08,HV_020_09,HV_020_10,HV_020_11,HV_020_12,HV_020_13,HV_020_14,HV_020_15,HV_020_16,HV_020_18,HV_020_19,HV_020_20,HV_020_21,HV_020_22,HV_021_01,HV_021_02,HV_021_03,HV_021_04,HV_021_05,HV_021_06,HV_021_07,HV_021_08,HV_021_09,HV_021_10,HV_021_11,HV_021_12,HV_021_13,HV_021_14,HV_021_15,HV_021_16,HV_021_18,HV_021_19,HV_021_20,HV_021_21,HV_021_22,HV_022_01,HV_022_02,HV_022_03,HV_022_04,HV_022_05,HV_022_06,HV_022_07,HV_022_08,HV_022_09,HV_022_10,HV_022_11,HV_022_12,HV_022_13,HV_022_14,HV_022_15,HV_022_16,HV_022_18,HV_022_19,HV_022_20,HV_022_21,HV_022_22,HV_023_01,HV_023_02,HV_023_03,HV_023_04,HV_023_05,HV_023_06,HV_023_07,HV_023_08,HV_023_09,HV_023_10,HV_023_11,HV_023_12,HV_023_13,HV_023_14,HV_023_15,HV_023_16,HV_023_18,HV_023_19,HV_023_20,HV_023_21,HV_023_22,HV_024_01,HV_024_02,HV_024_03,HV_024_04,HV_024_05,HV_024_06,HV_024_07,HV_024_08,HV_024_09,HV_024_10,HV_024_11,HV_024_12,HV_024_13,HV_024_14,HV_024_15,HV_024_16,HV_024_18,HV_024_19,HV_024_20,HV_024_21,HV_024_22,HV_025_01,HV_025_02,HV_025_03,HV_025_04,HV_025_05,HV_025_06,HV_025_07,HV_025_08,HV_025_09,HV_025_10,HV_025_11,HV_025_12,HV_025_13,HV_025_14,HV_025_15,HV_025_16,HV_025_18,HV_025_19,HV_025_20,HV_025_21,HV_025_22,HV_026_01,HV_026_02,HV_026_03,HV_026_04,HV_026_05,HV_026_06,HV_026_07,HV_026_08,HV_026_09,HV_026_10,HV_026_11,HV_026_12,HV_026_13,HV_026_14,HV_026_15,HV_026_16,HV_026_18,HV_026_19,HV_026_20,HV_026_21,HV_026_22,HV_027_01,HV_027_02,HV_027_03,HV_027_04,HV_027_05,HV_027_06,HV_027_07,HV_027_08,HV_027_09,HV_027_10,HV_027_11,HV_027_12,HV_027_13,HV_027_14,HV_027_15,HV_027_16,HV_027_18,HV_027_19,HV_027_20,HV_027_21,HV_027_22,HV_028_01,HV_028_02,HV_028_03,HV_028_04,HV_028_05,HV_028_06,HV_028_07,HV_028_08,HV_028_09,HV_028_10,HV_028_11,HV_028_12,HV_028_13,HV_028_14,HV_028_15,HV_028_16,HV_028_18,HV_028_19,HV_028_20,HV_028_21,HV_028_22,HV_029_01,HV_029_02,HV_029_03,HV_029_04,HV_029_05,HV_029_06,HV_029_07,HV_029_08,HV_029_09,HV_029_10,HV_029_11,HV_029_12,HV_029_13,HV_029_14,HV_029_15,HV_029_16,HV_029_18,HV_029_19,HV_029_20,HV_029_21,HV_029_22,HV_030_01,HV_030_02,HV_030_03,HV_030_04,HV_030_05,HV_030_06,HV_030_07,HV_030_08,HV_030_09,HV_030_10,HV_030_11,HV_030_12,HV_030_13,HV_030_14,HV_030_15,HV_030_16,HV_030_18,HV_030_19,HV_030_20,HV_030_21,HV_030_22
NC_040606.1,0,0,0,16,0,0,0,0,0,0,39,0,1,0,0,0,0,0,0,0,0,0,0,0,0,0,0,0,0,0,0,0,0,1,0,0,0,0,0,0,0,0,0,0,0,0,0,0,0,0,0,0,0,0,0,0,0,0,0,2,0,0,0,0,0,0,0,0,0,0,0,0,0,0,0,0,0,1,0,0,2,0,0,0,0,0,1,0,2,0,0,0,0,0,0,0,0,0,0,0,9,0,4,0,0,0,0,0,0,0,0,0,0,0,0,0,0,0,0,0,0,0,0,0,0,2,0,0,0,1,0,0,0,0,0,0,0,0,0,0,0,0,0,0,0,0,0,0,0,0,0,0,0,0,0,0,0,0,0,0,0,0,0,0,0,44,88,68,56,62,93,81,64,148,495028,68,62,62,89,84,107,58,68,79,55,4,0,3,0,0,0,70,1,0,0,0,0,0,0,0,0,0,0,0,0,0,0,0,0,76,32,0,0,0,0,69,4,0,0,0,0,3,0,0,6,0,170,0,0,0,0,0,0,4,105,0,0,0,0,0,0,0,0,0,0,0,0,22,0,0,0,0,0,0,0,0,0,0,0,0,0,0,0,0,0,0,0,0,0,0,0,0,0,0,0,0,0,0,0,0,8,0,0,0,0,0,0,0,0,0,0,0,0,0,0,0,0,0,0,0,0,0,0,0,0,0,0,0,0,0,0,0,0,0,0,0,0,0,0,0,0,0,0,0,0,0,0,0,0,0,0,0,0,0,0,0,0,0,0,0,0,0,0,0,0,0,0,0,0,20,0,0,0,0,0,0,0,0,0,0,0,0,0,0,0,0,0,0,0,0,0,0,2,0,0,0,0,0,0,0,0,0,0,0,1,0,0,0,0,0,0,0,0,0,0,0,0,0,0,0,0,0,0,0,0,0,0,0,0,0,0,0,0,0,0,0,0,0,0,0,0,0,0,0,0,0,0,0,0,0,0,0,0,0,0,0,0,0,0,0,0,0,0,0,0,0,0,0,0,0,0,0,0,0,0,0,0,0,0,0,0,0,0,0,0,0,0,0,0,0,0,0,0,0,0,0,0,4750,86,3,4,3,4,1,1,7,4,3,3,3,2,2,2,6,330,1,0,6,0,0,0,0,0,1,2,1,0,1,0,0,0,0,0,0,1,0,0,0,0,0,0,0,0,0,0,1,0,0,0,0,0,0,0,0,0,0,0,0,0,0,0,0,0,0,0,0,0,0,0,0,0,0,0,0,0,0,0,0,0,0,0,0,0,0,0,0,0,0,0,0,3,0,0,0,0,0,0,0,0,0,0,0,521,8,1,2,1,4,2,5,6,10,4,6,8,35,2,19,4,2,5,12,8,0,0,0,0,0,0,0,0,0,0,0,0,0,0,0,0,0,0,0,1,0
KY968317.1,0,0,0,13,0,0,0,0,0,0,32,0,0,0,0,0,0,0,0,0,0,0,0,0,0,0,0,0,0,0,0,0,0,0,0,0,0,0,0,0,0,0,0,0,0,0,0,0,0,0,0,0,0,0,0,0,0,0,0,1,0,0,0,0,0,0,0,0,0,0,0,0,0,1,0,0,0,0,0,0,0,0,0,0,0,0,0,0,1,0,0,0,0,0,0,0,0,0,0,0,13,0,2,0,0,0,0,0,0,0,0,0,0,0,0,0,0,0,0,0,0,0,0,0,0,0,0,0,0,1,0,0,0,0,0,0,0,0,0,0,0,0,0,0,0,0,0,0,0,0,0,0,0,0,0,0,0,0,0,0,0,0,0,0,2,51,91,48,46,68,93,66,56,155,493547,57,55,72,82,85,107,68,64,57,46,3,0,1,0,1,0,61,5,0,0,0,0,0,0,0,0,0,1,0,0,0,0,1,0,72,30,1,0,1,0,45,0,0,0,0,0,3,0,1,3,1,158,0,0,0,0,0,0,6,87,0,0,0,0,0,0,0,0,0,0,0,0,13,0,0,0,0,0,0,0,0,0,0,0,0,0,0,0,0,0,0,0,0,0,0,0,0,0,0,0,0,0,0,0,0,12,0,1,0,0,0,0,0,0,0,0,0,0,0,0,0,0,0,0,0,0,0,0,0,0,0,0,0,0,0,0,0,0,0,0,0,0,0,0,0,0,0,0,0,0,0,0,0,0,0,0,0,0,0,0,0,0,0,0,0,0,0,0,0,0,0,0,0,0,13,0,0,0,0,0,0,0,0,0,0,0,0,0,0,0,0,0,0,0,0,0,0,0,0,0,0,0,0,0,0,0,0,0,0,0,0,0,0,0,0,0,0,0,0,0,0,0,0,0,0,0,0,0,0,0,0,0,0,0,0,0,0,0,0,0,0,0,0,0,0,0,0,0,0,0,0,0,0,0,0,0,0,0,0,0,0,0,0,0,0,0,0,0,0,0,0,0,0,0,0,0,0,0,0,0,0,0,0,0,0,0,0,0,0,0,0,0,0,0,0,0,0,0,0,0,0,0,4726,71,2,6,6,4,3,2,4,5,2,1,1,1,1,2,2,330,4,2,2,0,0,0,0,0,0,0,2,0,0,0,1,0,1,0,0,0,1,1,0,0,0,0,0,0,0,0,1,0,0,0,0,0,0,0,0,0,0,0,0,0,0,0,0,0,0,0,0,0,0,0,0,0,0,0,0,0,0,0,0,0,0,0,0,0,0,0,0,0,0,0,0,2,0,2,0,0,0,0,1,0,0,0,0,485,7,4,7,6,7,4,2,5,16,7,6,11,27,4,6,5,4,3,7,12,0,0,0,0,0,0,0,0,0,0,0,0,0,0,0,0,0,0,0,0,0
KF022001.1,139,132,4,2,2,11,5,7,1287,2,3,0,4,2,0,0,5,1,329,5,0,23,19,26,10731,25,194,186,26,24,48,25,27,46,596,31,39,29,56,668,37,312,7,6,784,9,5,4,8,8,50,1586,426,2,2853,0,12250,9,6460,6,0,13,1,1,2,24,10,5,4,17,1,1,139,4,4,2,3,2,2,2,2,5,2,1,6,1,3,4,3,2,4,224,2,11240,4,8,5,2,0,3,22,2,4110,135410,8594,27,122,23,5117,260,2086,47,26,88,1160,210,12,36,7397,35,56,60,56,575,2,66,1,9747,5868,8,6,14,2920,14,14,198,10,9,26947,5,2598,5,9,12,2,12988,47,455,5,7,36,3,160,104,1864,4,659,179,473,0,1020,2,2,101,5,398,0,0,0,2,215,1,0,0,124,1,0,0,0,336,1,0,0,0,2,0,28,0,0,1,0,0,7,1,1,0,0,0,0,0,0,0,0,0,0,0,0,1,0,0,0,1,0,0,1,0,0,0,0,1,0,0,0,0,0,0,0,5,34081,1,4,2,1,9,4,6,1,5,31,5,0,193,4,2,5,5,2,5,0,0,1,1444,5,2,0,0,3,0,0,1,0,0,2,0,0,0,3,0,1514,3,0,67,3,0,6,0,0,2,0,0,0,0,0,0,58,0,0,0,0,0,0,1,3,1,0,0,0,0,0,0,0,9,0,0,0,0,212,4,0,0,0,0,1,0,3,0,0,0,0,0,0,0,0,0,0,0,1,0,0,1,1,1,0,0,0,0,0,74,0,1,0,0,0,2,0,0,0,0,1,0,0,899,2694,28,5789,7,17,7,2609,2,7,1156,20,7,15865,5,793,7,1815,5,21,421,2,2,2055,2,2,0,0,1902,0,0,1,0,3,7,1,3,0,1,612,2,3,0,0,0,0,0,0,0,1,0,0,0,0,0,0,0,0,1,2,0,0,1,0,0,0,1,0,0,1,0,0,1,0,0,11,0,0,15,0,0,0,0,0,0,0,1,0,2,0,0,0,0,0,0,0,2,1,1,2,1,0,0,0,1,35,86,57,71,44,38,23,48,58,75,151,50,36,43,894,64,36,56,43,302,54,18,4132,6,8,5,3,4,2,6,7216,1748,21,9,5,6,189,8,6,1,12,1196,41,2,0,4,2,1,0,0,0,200,0,2,2,0,0,0,0,0,0,0,1,5,0,4,906,8,21336,1,5,1,6,4,23,30,7,1185,8,231,7,0,3,1,27,4,4,2,6983,4,3,16,4,3,3,4,15,2,2402,22,4,80,0,9,131,13342,1396,12,10,14,9890,11,33679,30,12,172,7247,78,6,58,11495,248,17,18,272,38,2,84,6,116,10,6,2,16,237,2,7,2,1,12,3,150,3,1811,1810,0,1,0,2,22,0,0,6,0,1,0,0,3,0,123,355,0,0,0,0,0,31,0
DJ417503.1,0,3,2,2,0,0,0,1,0,3,1,0,2,1,0,0,1,775,1,0,0,1,0,0,0,1,0,0,0,12,0,0,0,0,2,0,0,0,0,2,0,1145,3634,5,8999,0,5,8,193,2,3,24,8,1,5,0,3766,0,1,3,1,3,0,0,0,0,0,2,0,0,2,0,0,0,0,2,0,0,0,0,0,2,0,0,0,0,0,0,0,0,0,0,0,0,0,0,0,0,0,0,2,0,509,102,0,0,334,0,0,2,0,40,2,0,0,2,1,112,1,0,1,3,1,1327,2,4,2,0,5,1594,175,4,3,0,0,0,4,0,2951,0,4,0,0,1,0,0,0,0,0,0,0,0,0,0,0,0,0,0,0,0,0,0,0,0,0,0,0,0,0,3,1,2,2,3,0,2771,0,0,0,4577,2,2,0,1,0,0,0,0,0,0,0,0,0,0,0,0,0,0,0,0,0,0,0,0,0,0,0,0,0,0,0,0,0,2,0,0,0,0,0,0,0,0,0,0,0,0,0,0,0,0,0,0,0,0,2,1,0,0,0,0,0,0,0,0,0,0,0,0,0,0,0,0,0,0,2,0,0,0,0,0,0,0,0,0,0,0,0,0,0,0,0,0,0,1,0,0,0,0,0,0,0,0,0,0,0,0,0,0,0,0,0,0,0,0,0,0,1,0,0,0,1,0,0,0,0,0,0,0,0,0,0,0,0,0,0,0,0,0,0,0,0,0,0,0,0,0,0,0,0,0,0,0,0,0,0,0,0,0,0,0,0,0,0,0,0,0,0,0,0,0,0,9,1,17,0,1,0,0,0,0,0,0,0,44,2,0,0,45,0,0,172,0,0,0,0,1,1,0,0,0,0,0,0,0,0,0,0,0,0,0,0,0,0,0,350,0,0,0,0,0,0,0,0,0,4,0,0,0,0,0,0,0,0,0,0,1,0,2,0,0,0,0,1,1,0,0,2,1824,0,1,1,0,0,4,0,0,0,0,0,0,0,0,0,0,0,74,0,0,3,0,0,0,0,0,0,0,0,0,0,0,0,0,0,0,0,0,0,9,0,0,0,0,0,0,0,0,0,0,0,2,0,0,0,0,27,0,0,0,2,31,0,0,0,0,0,0,0,0,0,6,11,3,10,1,8,2,5,7,4,11836,2,2,7,11,0,21,2,8,12,1,0,0,0,0,26,6,0,0,0,0,0,0,0,0,0,0,0,0,0,0,3,0,0,1,0,0,0,0,0,0,0,0,0,0,0,0,0,0,0,0,0,33,41,32,27,46,1089,209672,55,49,91,6069,42,30,44,16,53,3334,37,48,25,39,6,21,6,12,22,14,15,10,39,15,34,11,15,31,10,32,17,17,84003,23,11520,6,2,402,2,6,7,1016,269,12,4,16,42,4463,190,8,8,38586,5,10,13,22
CS162762.1,0,0,0,2,0,0,0,1,1,0,0,1,0,2,3,5,0,749,1,1,0,0,1,0,0,0,2,0,0,14,0,0,0,0,0,1,1,0,0,0,0,1162,3562,4,9154,3,8,5,201,1,4,19,4,5,3,0,3635,0,1,0,1,3,0,0,0,0,0,0,0,0,0,0,0,0,0,0,0,0,0,0,0,5,0,0,0,2,1,0,0,0,0,0,0,0,2,0,0,0,1,0,1,0,522,115,0,0,360,0,0,0,0,34,0,0,0,4,0,117,1,0,0,0,0,1323,2,0,1,1,0,1661,156,3,0,5,0,0,4,0,2881,0,2,0,0,3,0,0,0,0,0,0,0,0,0,0,0,0,0,0,0,0,0,0,0,0,0,0,1,1,0,0,3,0,0,0,1,2836,0,0,2,4591,0,0,0,0,0,0,0,0,0,0,0,0,0,0,0,0,0,0,0,0,0,0,0,0,0,0,0,0,0,0,0,0,0,0,0,0,0,0,0,0,0,0,0,0,0,0,0,0,0,0,0,0,0,0,0,1,0,0,0,0,0,0,0,0,0,0,0,0,0,0,0,0,0,0,0,0,0,0,0,0,0,0,0,0,1,0,0,0,0,0,0,2,0,0,0,0,0,0,0,0,0,0,0,0,0,0,0,0,0,0,0,0,0,0,0,0,0,0,0,0,0,0,0,0,0,0,0,0,0,0,0,0,0,0,0,0,0,0,0,0,0,0,0,0,0,0,0,0,0,0,0,0,0,0,0,0,0,0,0,0,0,0,0,0,0,0,0,0,0,0,0,11,0,14,0,0,0,2,0,0,0,2,0,41,0,0,0,48,1,0,165,0,0,0,0,0,0,0,0,0,0,0,0,0,0,0,0,0,0,0,0,0,0,0,338,0,0,0,0,0,0,0,0,0,2,0,0,0,0,0,1,0,0,0,0,1,0,0,0,0,1,0,0,1,0,0,0,1798,1,3,1,2,0,2,0,0,0,0,0,0,0,0,0,0,0,66,0,0,12,0,0,0,0,0,0,0,0,2,0,0,0,0,0,0,0,0,0,13,0,0,0,0,0,0,1,0,0,0,0,0,0,0,0,0,37,0,0,0,0,18,2,0,0,0,0,0,0,0,3,7,5,2,3,12,2,7,7,5,0,11770,2,7,5,9,2,7,2,5,3,3,0,1,0,0,32,8,0,0,0,0,0,0,0,0,0,0,0,0,0,0,2,1,0,0,0,0,0,0,0,0,0,0,0,0,0,0,0,0,0,0,0,26,40,70,30,54,1113,208925,34,46,96,5961,72,25,36,23,67,3329,29,53,27,32,10,22,14,9,15,8,10,15,55,26,23,16,17,22,16,20,22,11,84498,20,11153,9,9,369,4,7,10,992,254,4,3,12,56,4593,161,6,12,38768,8,5,16,31
KU697902.1,170,8,3,0,2,10,4,18,980,4,0,1,0,4,1,0,1,24,148,2,0,22,16,33,12424,67,235,176,41,65,48,42,21,46,222,33,31,39,53,528,45,1110,1917,4,5200,6,4,4,80,4,61,1341,343,5,1516,1,1269,11,3544,3,4,3,2,0,1,7,2,0,0,4,2,0,49,0,0,2,0,1,0,0,0,0,2,0,0,0,45,1,0,0,0,37,2,1192,2,0,0,1,0,0,26,0,3003,54894,4262,16,506,8,2937,254,2422,44,9,81,645,159,11,59,548,6,39,40,26,419,10,80,10,11836,3274,476,15,12,1010,7,3,290,39,0,30412,9,2002,67,4,14,0,7925,42,576,6,2,5,3,104,115,997,8,656,216,52,4,213,2,2,126,0,446,0,0,6,0,92,0,0,260,123,101,0,0,2,301,0,0,1,1,1,0,17,0,0,0,0,0,0,0,0,1,0,0,0,0,0,0,0,0,0,0,0,0,0,1,0,0,1,0,1,0,0,0,2,0,0,0,0,0,0,0,0,0,10381,1,4,4,2,8,1,2,4,0,8,1,2,191,2,0,1,0,2,0,2,2,1,1885,1,0,2,2,1,4,0,0,2,4,0,5,0,0,2,0,817,1,2,70,0,0,11,0,2,0,0,0,2,0,0,2,55,0,0,0,0,0,1,0,0,0,0,0,0,2,0,0,0,4,0,0,0,0,114,0,0,0,2,0,0,1,4,0,0,0,2,0,0,0,0,0,2,0,0,0,0,0,0,0,0,1,0,2,0,58,0,0,0,4,0,0,0,0,0,0,0,0,2,563,280,18,2159,4,3,7,1388,5,2,663,20,18,6723,1,234,14,1971,4,141,216,0,0,1238,3,3,0,0,994,0,0,2,2,0,1,2,2,1,0,367,0,0,0,141,3,0,0,0,0,0,0,1,0,0,0,0,0,0,1,8,0,0,2,0,2,0,0,2,0,3,0,0,0,2,0,11,462,0,8,0,0,0,0,0,0,0,0,0,0,3,0,0,1,2,10,0,0,9,0,2,0,0,0,0,0,30,42,30,41,24,37,22,12,42,32,77,38,16,31,528,32,19,57,55,97,27,17,2077,6,2,9,3,0,10,0,1844,302,4,47,5,3,22,3,0,3,11,1472,34,0,2,5,2,5,4,0,0,70,0,2490,3,0,2,2,2,0,0,2,1,17,2,2,1031,3,7696,0,2,1,1,2,22,29,4,400,1,127,2,1,0,0,20,0,1,4,3758,2,1,9,4,3,5,4,2,5,1090,16,3,123,2,1,97,3758,403,18,13,32,4804,68348,12537,36,27,2563,7951,54,23,56,6434,1153,20,33,114,29,3,122,4,66,17,16,8,5,303,14,19,9,6,7,6,94,17,1687,38981,6,2062,9,1,86,4,8,17,1050,583,6,11,12,25,4511,301,2,8,21294,6,10,45,15
KU697903.1,126,12,5,1,1,13,2,9,1010,0,2,1,2,3,0,0,1,19,164,2,0,30,22,44,12345,68,239,194,32,40,31,34,20,41,204,44,31,33,49,592,52,1167,1874,2,5395,3,4,13,88,2,56,1301,385,14,1553,0,1292,11,3665,0,1,3,0,3,0,2,2,2,1,3,0,0,42,0,0,7,0,0,0,0,0,0,1,4,1,3,38,1,0,0,1,43,0,1202,2,0,0,1,1,0,17,0,2909,54574,4461,15,557,24,2817,209,2284,65,12,66,682,184,9,48,532,12,31,18,34,480,14,75,10,11675,3111,413,5,7,1005,11,2,306,18,7,30335,7,1910,66,3,3,0,7740,37,512,5,4,6,2,115,89,975,4,649,187,61,3,219,2,2,98,2,419,0,0,5,0,58,0,1,268,133,101,0,0,0,317,1,0,0,0,1,0,20,0,0,0,0,0,2,0,0,0,0,0,0,0,0,0,0,1,0,0,0,1,0,1,0,0,0,1,0,0,0,1,1,0,1,0,0,0,0,0,1,1,10388,0,1,4,1,4,0,0,3,0,10,2,3,201,1,2,2,2,1,1,0,2,2,1842,2,0,0,0,0,0,0,0,0,0,2,0,1,0,0,0,817,0,0,73,0,2,8,0,0,0,0,0,2,0,0,0,49,2,0,1,0,0,0,1,0,2,0,0,1,0,0,0,0,0,0,0,2,0,93,0,1,0,0,0,0,0,1,0,0,0,0,0,1,0,0,0,0,0,0,2,0,0,1,0,1,1,0,2,0,40,0,1,0,2,0,0,0,0,2,0,2,0,0,561,246,28,2153,6,3,9,1515,1,4,592,20,14,6627,4,286,13,2011,3,127,184,1,1,1174,3,0,0,1,1009,0,3,1,0,0,3,3,0,1,0,380,1,0,0,133,0,0,0,0,2,1,0,0,2,0,0,0,0,1,0,4,0,1,2,2,0,0,2,0,0,0,0,0,1,0,0,8,429,0,9,0,0,0,0,0,0,1,0,0,3,0,4,0,1,4,9,0,0,6,0,0,2,0,2,0,0,18,42,38,48,12,20,22,23,31,32,91,40,13,26,424,47,16,47,57,156,29,16,2182,5,4,2,0,1,11,6,1733,277,4,33,3,2,19,1,8,0,1,1480,31,1,2,3,5,2,3,0,3,58,1,2559,2,1,6,6,0,1,0,2,2,19,0,1,1023,0,7609,0,0,1,1,6,13,31,6,400,1,117,3,2,3,0,27,1,2,1,3727,3,1,0,3,0,4,3,1,3,1098,19,3,103,3,3,97,3707,402,33,8,23,4917,68836,12346,35,18,2731,7779,42,18,33,6341,1212,24,26,144,30,11,104,13,64,12,6,10,17,279,16,11,7,4,12,3,84,21,1736,38889,7,2028,7,5,79,8,5,14,1068,573,1,6,6,33,4479,322,0,13,21310,13,5,51,14
CS162761.1,4,7391,65,660,3,64,2,4,5,8,371,23,4,8,5,1,3,1,132,8,7,61,214,4,727,19,3,162,2,1,125,4,3,87,356,13,0,17,4,0,74,0,27,0,382,1,0,12,28,1,71,5,144,4,1136,0,394,0,268,1,1,0,4,2,4,46,22,9,9,61,3,6,153,4,82,10,7,2,4,8,5,8,5,0,2,1,2,0,1,0,0,3,0,1800,0,2,0,1,0,1,2,3,121,44284,4340,20,73,8,59,132,532,9,9,7,906,226,794,58,1076,12,45,2149,44,1,3,33,71,993,2661,2,0,4,884,0,3,2,1,1,13,2,5,154,8,18,2,7692,10804,5,299,1,276,38,12,107,180,10,98,61,282,2,110,11,5,35,4,52,2,2,4861,4,147,0,5,12,763,1,2,30,1,165,1,1,2,0,0,51,2,0,6,0,3,2,0,0,1,0,0,0,1,0,0,2,1,0,0,1,2,1,0,0,0,1,30,0,0,0,0,0,3,2,0,1,2,2,0,0,0,2,11773,4,5,5,7,2,3,3,5,2,25,4,3,82,11,2,4,6,2,19,0,272,2,33,4,2,5,0,1,6,3,3,5,4,7,5,1,3,1,9,1,77,6,3,11,365,3,0,2,3,5,1,253,1,2,3,2,2,6,2,0,3,3,3,6,8,2,2,1,1,6,1,0,2,0,4,6,4,4,4,4,0,3,6,6,8,7,5,4,1,2,7,2,13,0,0,4,5,25,1,2,0,12,4,7,4,40,3,6,2,2,0,19,2,1,1,5,1,3,4,5,2,1,953,518,18,1881,10,16,9,181,2,5,6,12,1,10972,1,90,2,28,2,13,349,3,0,378,0,8,5,0,100,1,2,1,0,3,3,0,0,2,0,3,0,1,3,2,2,2,21,6,3,0,2,2,3,7,2,1,0,2,0,0,2,0,2,27,4,7,8,5,3,2,0,4,4,2,0,0,0,0,7,2,3,4,1,3,3,6,6,3,1544,10,9,7,5,5,8,2,2,3,3,7,8,1,5,4,2,6,23,11,40,13,12,23,10,10,13,34,14,6,18,225,20,6,15,18,17,17,6,7,3,15,19,10,8,4,9,2533,1682,3,27,7,4,30,6,6,8,3,5,10,5,3,26,6,11,4,4,1,2,7,5,8,5,4,19,9,2,4,2,9,2,0,4,1,1,2235,3,1,0,1,4,46,5,7,0,10,120,2,1,1,2,2,2,1,573,1118,14,18,27,4,5,3,6,9,1,4,5,0,4,5,6,31,41,853,433,2,8,73,12,29573,162,16,41,734,58,9,33,4602,15,8,4,4,16,3,10,4,2,19,7,2,2,84,5,14,3,1,9,0,9,9,2,97,1,5,6,3,783,4,14,43,7,3,2,9,6,13,182,78,3,16,7,5,6,6,2
DJ417502.1,5,7514,42,636,5,70,5,4,7,10,399,12,2,11,4,6,11,6,151,6,3,46,212,3,773,8,1,187,8,1,111,8,6,71,367,9,1,5,2,0,83,0,38,3,433,1,1,8,42,0,53,6,135,3,1018,0,383,1,272,1,5,1,6,1,1,51,11,12,10,69,0,4,156,9,63,3,4,3,7,2,5,2,3,0,0,0,3,0,0,2,4,2,3,1852,1,0,0,0,0,1,1,0,137,44118,4071,15,63,11,92,155,472,8,4,5,935,201,851,74,1072,12,48,2127,41,3,3,26,92,1035,2747,1,3,1,819,2,2,1,0,5,24,3,9,159,3,13,0,7434,10705,7,282,0,287,39,4,103,145,5,105,55,269,7,105,10,3,35,12,62,5,1,4768,3,154,4,0,16,732,2,2,38,0,160,2,0,1,0,0,67,1,0,2,3,3,1,2,3,1,0,1,0,0,1,3,2,2,0,0,0,1,3,0,4,1,2,26,2,1,0,1,1,0,1,0,1,2,0,1,0,2,7,11746,5,1,5,1,8,1,3,7,6,23,0,1,79,7,11,0,0,5,19,1,280,2,39,6,5,2,0,3,4,3,1,5,0,11,0,6,2,3,6,2,77,3,3,15,393,5,2,5,2,7,2,239,1,3,4,4,5,1,7,1,2,7,1,1,8,0,1,0,3,1,3,2,0,1,2,5,0,2,4,3,2,5,2,4,2,2,4,0,4,6,1,0,12,1,1,3,5,19,0,0,3,2,3,5,2,33,3,2,0,0,6,17,2,2,5,3,0,9,1,3,0,3,1074,548,11,1955,10,13,9,198,3,6,16,16,5,10994,3,108,5,19,7,7,322,0,1,347,0,1,4,2,96,1,4,0,3,1,5,0,1,4,2,4,4,2,0,0,4,1,21,7,3,2,3,2,0,2,2,0,0,0,0,1,0,0,1,32,6,0,1,5,4,2,4,2,4,8,1,1,0,3,7,2,2,1,0,3,5,10,8,5,1594,11,4,1,5,5,8,2,7,9,1,5,12,0,6,2,4,9,15,13,47,14,12,5,14,10,13,41,33,13,8,218,16,17,17,11,12,14,2,3,4,20,12,5,4,6,8,2547,1608,9,22,4,2,28,6,4,6,6,4,3,2,5,46,19,3,5,2,0,3,10,5,7,2,1,4,4,2,2,4,7,1,2,1,2,0,2255,6,0,0,1,4,52,3,2,3,8,140,3,1,1,6,5,0,5,508,1069,10,10,34,7,4,2,5,5,1,6,9,5,6,15,7,29,60,812,403,6,14,53,6,29827,172,1,36,668,43,17,38,4548,11,11,5,10,17,1,8,1,0,22,1,9,2,90,5,14,0,6,12,0,18,17,0,83,1,5,5,6,796,8,20,81,4,0,3,5,2,11,182,95,0,5,2,4,0,6,12
JA902047.1,7,18632,33,236,15,34,15,18,26,32,951,25,1,21,12,34,16,8,32,17,18,22,53,2,2056,8,5,73,45,6,664,64,0,106,26,24,4,13,6,6,18,107,104,0,1255,4,11,8,191,3,167,13,493,31,322,0,3,79,387,3,0,1,0,0,0,8,0,5,0,29,0,2,2,1,411,22,2,0,0,0,2,0,2,0,2,0,370,5,2,0,4,0,1,0,2,0,2,2,2,2,0,8,389,4381,32,32,334,13,158,969,857,164,17,100,1060,487,4866,28,628,12,127,5466,160,8,61,184,54,1658,20,17,25,33,16,20,4,712,199,0,56,6,22,659,38,26,9,1026,34,5,77,37,284,64,19,488,67,22,127,382,10,7,125,26,17,199,7,47,11,9,140,20,5,6,9,2676,49,10,3,48,17,13,4,5,11,4,8,78,15,10,7,9,14,11,8,3,16,11,2,3,8,6,13,7,6,5,10,8,3,12,8,6,12,9,56,8,4,2,12,4,8,5,5,12,2,6,1,5,5,10,22,34,21,30,32,16,11,25,34,27,17,23,12,465,32,34,17,10,17,42,30,409,12,41,40,37,6,27,44,24,9,25,18,13,15,54,16,20,25,30,13,649,24,27,43,1044,27,24,26,57,33,13,33,22,7,39,34,25,13,28,27,14,30,8,9,52,22,38,6,21,30,23,16,21,6,7,25,24,11,17,10,22,28,23,24,50,38,42,12,19,22,23,6,40,20,8,27,31,56,13,19,18,23,33,15,29,77,29,45,6,17,20,21,12,10,17,14,32,37,16,32,17,24,1116,40,28,176,61,66,13,16,15,16,32,43,22,58,13,37,37,12,16,15,72,2,18,219,16,27,18,11,154,7,23,14,8,6,7,9,14,20,5,21,5,10,8,18,28,12,40,24,17,13,19,25,15,8,16,5,5,20,32,13,24,10,12,11,23,14,17,19,29,13,14,13,24,24,4,20,13,9,20,35,7,23,13,15,28,48,37,22,46,49,35,25,17,65,32,32,42,37,22,43,70,10,21,11,23,27,44,38,91,68,81,31,24,40,59,123,64,29,35,25,42,29,28,30,16,21,22,37,34,43,69,70,36,25,22,34,42,18,64,19,26,59,31,14,27,39,14,24,44,30,62,48,57,32,13,28,43,22,31,24,12,22,48,52,8,39,39,45,120,6,25,7,12,22,6,5,4,8,11,246,9,36,2,41,503,5,17,3,10,29,33,34,142,8027,38,29,50,25,18,37,19,15,19,16,43,40,50,36,24,45,44,24,926,32,37,48,55,21,405,25,53,851,7,44,84,7121,47,12,31,9,19,10,28,27,26,33,28,40,10,441,54,58,7,19,45,11,25,27,16,85,23,30,24,47,35,26,57,186,15,36,21,39,17,10,486,17,40,31,56,21,30,29,30
DI033711.1,0,2057,16,141,0,3,0,2,8,7,91,4,0,4,1,0,3,0,17,1,0,11,66,0,289,4,0,51,20,0,41,3,2,73,22,14,3,2,0,4,23,0,9,5,396,0,7,3,40,0,30,9,133,1,269,0,0,10,260,0,2,1,0,2,0,0,0,0,0,9,0,4,1,0,44,2,2,0,0,0,0,0,0,0,0,0,0,0,0,0,0,0,0,0,0,0,0,0,2,0,2,2,83,570,7,5,69,1,37,142,550,5,8,1,250,219,767,8,127,8,116,1128,29,0,5,20,36,885,5,8,5,17,3,0,5,0,1,2,20,0,3,33,8,6,2,395,4,0,77,1,61,38,10,91,6,0,72,58,1,2,3,10,1,23,3,16,1,0,66,0,3,0,0,7,3,0,1,23,1,4,2,2,1,0,1,50,4,0,1,1,2,2,1,0,1,5,0,0,0,0,6,3,0,2,2,1,1,1,2,3,1,0,32,0,0,2,2,0,6,1,1,4,0,2,0,6,1,2,3,8,3,15,4,5,6,2,7,3,6,2,3,83,9,7,3,5,0,14,3,288,5,18,9,3,2,4,8,3,5,5,3,1,2,7,4,2,2,4,3,91,1,2,5,127,2,3,2,10,3,1,2,5,2,4,5,5,4,4,3,0,2,3,5,6,6,7,3,1,4,1,1,2,4,2,7,3,0,5,4,2,7,1,9,1,7,8,4,2,10,5,4,11,2,5,10,4,34,1,4,1,1,3,4,6,23,7,4,2,2,4,13,2,2,0,3,5,4,4,7,2,3,291,3,6,56,7,13,4,5,2,5,13,4,2,8,2,11,3,1,4,7,7,1,5,158,2,4,4,3,109,0,3,2,0,1,0,0,4,5,0,4,3,6,0,2,3,2,2,6,2,2,0,3,2,0,4,0,0,2,4,1,1,0,0,2,3,2,5,6,6,3,4,0,4,6,5,2,1,0,4,3,3,3,0,7,8,10,8,4,7,9,14,3,8,8,4,7,4,4,2,17,10,3,7,6,0,5,7,10,19,9,16,8,4,9,14,13,11,3,5,8,10,8,10,7,5,8,0,5,9,2,14,6,9,0,9,2,4,3,28,0,5,9,5,0,3,4,5,2,4,2,13,8,7,8,6,2,6,8,8,2,2,1,11,3,1,7,3,8,1,1,3,3,3,2,0,1,1,1,4,43,0,2,0,4,125,1,0,2,3,4,3,0,106,1308,8,6,9,3,3,14,1,2,1,1,6,11,7,6,5,26,6,4,134,2,7,16,20,3,79,4,24,669,2,1,17,1149,4,9,3,1,6,2,3,9,1,7,4,4,2,83,6,5,11,7,6,2,3,9,3,41,3,3,5,6,12,7,6,32,2,5,2,6,2,4,79,4,1,8,7,0,2,3,7
DI130579.1,0,1912,13,156,4,0,1,0,7,4,122,5,4,2,2,0,0,2,9,2,1,25,49,1,317,5,2,61,31,0,61,1,2,74,18,7,1,1,0,2,22,0,6,3,371,2,6,5,43,0,24,7,133,2,264,0,1,21,265,0,0,1,0,0,0,0,0,0,2,12,0,4,0,0,45,0,3,0,0,0,1,0,0,0,0,0,1,0,0,0,0,1,0,0,0,0,0,0,0,0,0,5,83,558,6,5,54,3,43,140,495,5,6,2,223,193,773,14,98,4,106,1159,21,1,2,27,42,933,2,6,1,14,2,3,1,5,0,0,9,0,5,36,4,7,0,434,0,5,85,3,71,54,5,86,2,2,86,53,2,0,2,11,2,26,3,15,0,3,52,1,10,2,3,3,6,1,3,23,2,1,2,2,0,2,1,53,6,0,5,0,2,2,0,2,4,3,2,1,0,2,2,2,1,0,0,1,1,1,2,1,1,2,32,3,2,1,0,0,1,0,0,4,1,4,1,5,2,4,3,2,1,8,8,6,3,1,7,2,11,1,0,70,6,4,1,2,4,13,0,298,4,12,15,9,4,6,9,4,5,4,2,1,5,3,4,2,8,5,1,97,4,1,6,166,6,2,5,11,7,4,5,6,0,7,5,0,1,1,5,4,7,1,1,3,2,3,3,2,3,4,0,4,0,2,5,2,1,1,4,4,3,3,6,7,11,15,4,1,5,1,2,11,4,2,6,10,16,10,0,3,2,1,3,3,18,8,11,2,7,1,2,1,1,3,2,2,3,3,2,2,0,283,3,9,45,9,9,5,3,7,4,10,3,5,10,3,3,5,0,4,6,19,0,3,173,0,3,4,0,108,2,2,7,0,5,1,2,4,4,1,4,1,2,6,3,7,1,4,5,2,0,2,2,1,1,0,0,1,1,5,6,6,0,10,0,9,2,4,9,6,2,1,2,1,5,4,1,1,1,1,1,2,5,1,6,5,3,5,6,11,11,6,4,8,6,10,5,3,3,1,5,14,2,7,1,3,11,6,9,18,7,9,9,5,3,6,17,14,6,8,6,5,12,12,6,9,7,9,10,5,6,16,9,4,4,5,8,10,2,27,7,1,5,6,0,9,8,6,10,4,7,8,8,12,8,5,6,13,4,5,6,1,1,13,8,1,6,4,7,4,1,2,3,3,6,1,0,1,0,4,40,2,8,2,10,152,3,5,3,3,9,1,4,131,1164,9,6,8,3,6,8,1,7,7,5,8,1,4,2,3,16,8,1,130,2,3,16,38,0,86,9,33,677,3,3,10,1082,2,5,8,6,2,0,3,5,10,14,5,3,3,102,9,5,2,1,6,2,11,15,2,59,2,6,1,6,7,6,19,29,6,0,7,4,8,3,73,9,1,3,8,6,1,2,1
BD442851.1,4,2034,17,168,5,2,1,2,6,1,132,5,2,1,2,0,2,2,16,0,2,11,69,0,278,1,2,58,33,0,51,5,2,70,18,12,2,2,3,0,14,0,16,1,353,1,3,5,37,0,40,7,109,1,241,0,0,27,280,4,0,0,2,2,0,0,0,0,1,10,0,6,2,0,50,0,2,0,0,0,0,0,0,0,0,0,0,0,2,1,0,1,2,0,0,0,0,3,0,0,0,2,66,572,5,7,53,11,41,174,453,6,2,3,198,201,777,23,96,0,124,1138,16,3,1,38,43,874,0,4,3,18,3,1,1,4,1,1,9,0,6,28,0,9,0,400,0,0,86,0,64,52,9,74,0,2,77,77,2,1,0,10,1,39,2,13,1,2,48,0,6,0,2,4,3,0,1,23,1,2,3,0,0,0,2,50,2,0,2,1,0,3,0,1,1,0,2,0,1,0,0,2,0,0,1,3,0,4,3,0,2,0,36,0,0,5,3,1,0,1,0,2,0,2,3,0,0,0,7,2,8,5,4,7,1,4,5,1,14,4,5,78,9,8,2,2,1,17,3,263,0,15,6,4,2,6,8,10,3,2,1,1,3,5,3,1,1,1,2,113,4,3,12,150,7,5,1,15,2,1,3,6,3,6,3,3,5,2,4,4,1,1,2,7,3,2,4,3,0,6,1,0,1,2,8,7,1,0,4,5,5,4,0,5,3,12,3,5,6,1,2,14,0,4,6,3,20,2,2,4,0,4,3,1,28,4,3,0,0,4,7,2,3,3,0,17,7,6,1,0,2,262,9,7,43,7,10,4,4,4,8,6,8,4,4,5,7,2,0,6,1,11,0,2,159,0,1,1,0,104,4,7,2,0,2,0,3,2,11,0,1,0,4,4,3,3,1,3,5,2,1,1,2,3,3,4,0,2,1,2,2,3,1,2,0,8,4,6,7,9,3,1,3,3,3,6,2,0,4,4,8,2,1,1,4,6,7,5,7,5,8,10,8,11,4,6,3,3,3,7,4,16,3,3,3,6,2,11,5,24,9,14,10,5,3,11,29,17,7,3,8,18,9,12,6,7,4,1,2,8,5,18,12,2,8,7,17,7,5,18,6,0,9,9,0,3,4,0,4,8,7,10,4,17,5,3,6,3,3,6,4,0,5,10,8,0,7,10,7,4,3,6,0,0,3,1,1,0,2,3,50,1,4,0,8,122,0,4,4,6,5,5,4,132,1218,15,5,2,3,8,6,3,2,6,4,19,7,2,3,2,20,4,2,119,3,4,15,29,2,75,2,25,635,3,1,11,1164,5,2,8,3,3,0,8,4,2,4,9,1,1,80,4,13,4,2,7,0,11,10,5,65,1,11,7,6,10,1,10,30,1,5,2,5,10,4,88,1,0,12,9,3,4,3,1
AX474116.1,0,1961,14,176,3,0,1,0,6,0,106,4,1,5,1,0,3,0,12,1,1,10,62,0,330,2,4,56,30,0,43,2,1,45,23,14,0,0,0,4,19,2,11,2,402,0,15,5,40,2,34,2,116,1,233,0,1,12,311,0,1,0,1,0,0,0,0,2,2,7,0,7,0,0,60,0,3,0,0,0,0,0,0,0,0,0,0,0,2,0,0,0,0,0,0,0,4,0,0,0,0,0,78,530,15,6,47,0,42,117,483,5,9,1,229,216,777,28,106,2,127,1172,18,3,0,17,43,952,4,7,2,11,1,0,3,0,0,0,16,0,7,38,2,1,0,409,0,0,62,1,66,51,10,110,7,1,71,66,0,3,1,11,1,21,4,30,2,0,50,2,2,0,4,4,3,3,1,29,0,2,4,1,2,0,4,58,4,0,1,2,4,3,0,1,5,2,2,0,0,3,1,2,4,0,3,1,0,0,4,4,0,0,22,1,2,0,1,0,3,1,3,2,2,1,0,1,2,3,2,5,3,3,4,5,1,5,4,3,6,0,0,69,6,4,7,2,3,22,6,279,1,8,8,4,1,0,8,9,1,3,3,2,3,4,5,5,3,2,2,86,4,6,2,145,3,6,0,6,7,5,4,7,0,11,6,1,8,2,3,2,5,2,0,5,2,3,3,0,7,5,5,0,4,1,2,2,2,3,3,1,1,7,5,10,8,9,2,6,4,4,0,8,2,2,3,7,25,2,0,2,5,7,5,3,13,9,9,0,2,4,6,1,0,0,2,4,5,2,11,2,7,265,0,20,36,4,11,2,3,4,1,9,6,2,4,6,10,4,4,3,1,11,0,5,137,2,3,2,1,98,5,4,2,0,2,0,0,2,1,0,2,1,4,1,4,3,0,5,1,4,1,3,3,1,0,2,3,0,4,6,5,4,4,1,2,6,5,4,2,10,5,0,0,2,6,0,1,0,0,2,4,3,5,4,7,5,6,3,8,3,9,11,2,2,11,3,4,2,5,6,6,9,2,1,2,6,10,11,9,16,2,13,7,6,4,10,14,15,8,6,7,13,3,7,8,5,6,3,7,4,7,23,11,5,4,2,11,6,1,23,2,2,4,6,1,6,8,3,7,2,4,13,16,8,2,2,2,7,4,5,5,1,7,9,10,4,5,6,7,1,5,2,2,7,2,1,0,0,2,1,50,2,3,0,5,115,1,7,4,0,3,5,3,123,1227,9,4,6,8,3,5,3,4,0,4,7,6,4,6,11,22,10,5,120,5,12,24,36,6,84,5,33,656,0,3,16,1144,7,3,5,2,3,2,7,13,3,11,3,2,0,77,5,9,4,3,12,2,6,13,2,47,0,4,5,4,9,5,13,29,5,2,6,9,2,0,72,2,4,12,7,5,5,4,4
AX473355.1,0,1962,19,192,2,4,1,1,4,4,96,7,0,0,0,0,0,1,9,1,7,18,73,3,294,3,4,48,32,0,38,2,2,67,20,9,2,1,0,5,20,0,20,0,401,1,12,6,28,1,45,5,132,2,273,0,2,29,289,2,0,0,0,1,0,0,0,2,0,9,0,7,0,0,63,0,1,0,0,0,0,0,0,0,2,0,0,0,0,0,0,1,0,0,1,0,1,0,0,0,0,1,85,519,12,5,47,4,30,139,443,6,6,0,210,198,720,23,117,2,122,1112,19,2,2,37,42,886,2,1,1,14,0,2,1,2,1,0,8,3,8,30,4,4,2,439,0,0,56,0,69,38,11,91,0,0,85,73,0,0,0,3,0,29,4,16,0,1,51,1,4,2,2,3,4,0,2,14,4,2,0,2,1,2,4,42,5,1,0,2,4,0,0,4,6,0,2,0,2,1,3,2,0,1,1,2,2,0,3,2,0,0,38,4,1,2,0,0,0,1,0,3,3,3,5,0,1,4,2,5,8,2,10,1,2,0,2,1,6,1,2,81,1,4,0,0,2,26,4,247,0,16,7,11,2,3,4,2,3,0,8,0,5,1,4,2,6,0,3,93,6,3,11,146,6,2,3,25,3,3,0,6,3,7,1,9,3,3,3,2,5,2,1,3,9,4,6,0,7,4,0,0,3,0,2,6,0,3,9,2,1,0,1,20,10,15,1,2,2,3,5,15,1,3,13,3,17,3,4,3,2,9,5,2,16,5,9,1,0,5,6,1,8,1,0,1,4,4,8,3,1,260,12,7,50,4,13,8,3,3,0,12,3,3,4,2,5,6,6,3,3,13,2,2,149,4,4,4,8,114,1,1,1,3,1,1,1,3,5,1,3,1,1,3,0,6,0,7,2,6,2,1,4,2,2,4,1,0,3,4,3,7,2,3,2,2,5,4,7,5,4,5,4,3,3,0,0,2,1,1,3,1,2,0,13,2,12,4,12,6,8,11,9,5,3,10,0,8,3,2,8,6,0,6,2,2,12,11,5,12,8,18,15,9,6,11,19,16,7,14,9,10,5,11,13,6,7,4,6,7,3,11,7,10,4,4,10,12,10,21,2,5,11,7,0,1,1,6,6,8,6,9,7,4,5,0,7,9,2,4,4,6,2,9,9,2,6,5,13,1,3,1,1,0,3,1,0,2,0,8,60,2,7,0,4,118,0,6,0,5,1,2,3,123,1250,11,10,12,4,4,9,1,2,6,2,16,6,4,5,4,15,13,1,136,2,4,20,31,6,81,2,30,679,2,0,7,1107,8,0,1,2,6,4,3,2,5,7,8,1,3,75,7,3,0,1,3,3,9,23,1,41,3,3,3,5,18,3,12,39,2,2,4,7,6,3,79,10,0,8,4,1,6,6,7
BD442690.1,3,1903,18,173,1,0,2,2,5,6,107,6,0,0,2,0,5,0,17,2,4,13,57,0,328,0,1,46,27,2,52,6,2,48,28,15,2,3,1,2,25,2,14,5,376,0,15,2,49,1,39,5,126,3,245,0,0,18,280,0,1,2,0,0,0,0,0,0,0,12,0,5,2,0,42,0,0,0,0,0,0,0,0,2,0,0,0,0,0,0,0,1,0,0,0,0,0,0,0,0,0,1,96,560,6,9,71,2,33,124,481,4,4,1,216,207,740,27,114,1,115,1118,24,4,3,18,42,946,0,7,0,19,6,0,3,0,1,1,9,2,6,26,2,5,0,422,2,0,67,1,61,41,9,97,1,0,76,45,2,0,0,7,0,34,2,15,0,4,49,1,6,2,8,2,5,0,0,30,4,2,1,0,3,0,2,55,1,1,4,0,7,0,3,4,1,0,3,0,1,0,1,3,0,0,2,0,0,2,2,4,0,1,22,3,1,1,0,1,0,0,0,4,3,2,1,0,0,0,4,0,2,4,7,5,3,1,4,5,10,2,4,87,8,6,2,8,2,14,1,295,3,5,9,7,3,4,7,3,2,2,4,1,4,3,0,3,2,2,3,82,1,4,8,151,6,0,2,16,4,0,2,9,1,0,3,6,6,2,4,3,4,6,4,3,2,4,1,1,1,6,0,2,0,1,4,2,4,4,1,4,4,10,6,4,2,2,0,3,6,3,0,16,5,2,0,3,26,0,2,2,2,4,5,6,13,7,6,5,5,4,8,2,2,0,6,5,3,1,5,3,6,276,16,6,42,4,9,5,4,8,2,2,5,0,3,2,9,3,5,3,3,13,0,1,157,6,3,8,1,120,3,0,2,2,3,0,3,4,6,1,2,1,2,4,3,3,4,5,9,2,0,5,4,2,2,3,1,0,4,1,1,1,4,1,1,6,2,0,2,5,4,2,5,1,0,5,2,3,0,0,3,1,5,2,11,2,3,6,7,2,12,4,6,3,11,2,3,5,5,3,7,10,1,4,4,1,8,11,8,19,12,10,9,4,3,24,12,13,11,10,3,7,9,8,8,4,7,8,6,3,6,21,8,5,5,3,6,8,1,11,1,2,4,2,1,4,1,7,8,17,3,8,2,10,10,3,5,8,3,4,3,2,2,7,9,0,5,6,13,6,2,4,2,1,4,3,2,0,2,2,52,0,8,0,3,118,0,6,0,2,4,4,3,118,1220,8,8,3,9,8,5,2,1,3,0,14,10,8,5,2,20,15,2,116,6,9,23,32,2,84,5,35,652,1,5,14,1079,4,2,0,5,3,6,8,9,2,9,3,7,2,86,3,11,4,4,3,1,6,5,0,48,6,2,0,2,6,7,14,37,6,2,5,2,3,5,79,1,1,12,3,4,3,6,10
NC_001875.2,0,0,0,1,0,0,0,0,0,0,0,0,15,1,0,0,0,0,0,0,0,0,0,2,0,0,1,0,0,3,1,0,0,0,6,0,0,0,0,0,0,1,0,0,4,3,0,0,0,2,0,0,0,0,0,0,0,0,2,4,0,0,0,0,1,12,3,1,0,0,0,0,0,7,0,0,0,0,0,0,0,0,0,0,0,0,0,0,0,0,3,0,0,0,0,0,1,0,0,2,0,0,0,13,0,0,0,0,0,0,0,0,0,0,0,2,0,115,3,0,0,0,0,0,0,0,0,2,0,0,1,0,2,0,0,0,0,0,0,0,0,2,0,0,0,0,0,0,0,0,0,2,0,0,0,0,1,0,1,0,0,0,0,0,0,11,0,0,0,0,0,0,0,0,1,0,0,0,0,0,0,0,3,0,0,0,125,0,0,0,2,0,0,0,0,0,0,0,0,0,1,0,1,0,0,1,7,0,0,2,0,0,0,6,2,0,0,0,0,5,1,381,232,6,0,3,0,0,4,0,0,0,0,0,0,2,0,0,0,2,0,0,2,0,3,0,0,0,0,1,0,0,1,0,4,0,0,0,1,0,0,4,0,0,0,0,0,0,0,0,0,0,0,0,0,0,0,0,0,0,0,5,0,0,0,1,0,1,0,1,0,0,0,4,1,0,0,4,22,0,0,20,2,0,0,0,0,0,0,0,0,0,0,0,0,0,0,3,0,2,0,1,0,4,2,9,0,0,0,0,4,0,0,0,0,0,2,0,0,0,0,0,1,0,0,0,0,2,0,2,0,0,0,0,0,0,0,0,0,8,0,0,0,0,0,0,0,0,2,0,0,0,0,31,11,0,0,0,0,0,0,0,0,0,5,3,277,13,15,1,5,3,0,0,0,0,0,36,0,0,0,0,0,0,152,2,7,0,0,0,0,0,0,0,0,17,0,0,0,0,0,0,0,0,0,0,0,0,0,0,0,0,0,0,38,2,0,0,1,0,0,0,2,0,4,0,2,0,0,3,0,0,0,0,0,0,0,146,0,0,3,0,2,0,0,0,0,0,0,0,0,0,3,0,0,0,0,2,0,0,1,0,0,0,3,0,6,0,0,0,0,0,0,0,0,0,0,0,0,0,0,0,3,0,1,0,0,0,80,1,0,1,0,0,0,0,2,0,0,0,0,0,0,0,0,0,0,0,0,0,0,1,0,0,0,0,0,2,0,0,0,0,4,0,0,0,2,0,0,0,1,0,0,0,7,0,0,2,0,0,4,0,0,0,0,3,0,0,0,0,0,1,0,0,0,37,1,0,0,0,2,0,405,0,0,0,1,0,0,2,0,0,0,1,0,3,0,0,0,0,1,1,0,0,0,0,26,0,0,0,0,0,0,0,0,0,0,1,0,0,0,11,2,0
U75930.2,0,0,0,0,0,0,0,0,0,0,0,0,17,0,0,0,0,0,1,0,0,0,0,5,0,0,0,1,0,1,0,2,0,2,0,0,0,0,0,2,0,0,0,0,1,1,0,4,0,3,0,0,0,0,0,0,0,0,0,0,0,0,0,0,0,15,0,0,0,0,0,0,0,3,0,0,0,0,0,0,0,1,0,0,0,0,0,0,0,0,1,0,0,0,0,0,0,2,0,0,0,0,0,24,0,0,0,0,0,0,0,0,1,0,0,0,0,93,1,1,0,0,1,0,0,0,1,0,0,0,0,0,1,0,2,0,0,0,0,1,0,2,0,0,0,0,0,0,0,0,0,4,2,0,0,1,1,0,0,3,0,0,0,1,0,6,0,0,0,0,0,2,0,0,0,0,0,0,0,0,0,0,10,0,1,0,131,0,0,0,0,0,0,0,1,0,0,0,0,0,0,0,1,0,0,1,4,2,0,1,0,0,0,4,0,0,0,0,0,2,1,347,201,10,1,0,0,0,2,0,0,0,0,0,0,1,0,1,0,4,1,0,0,0,0,0,0,0,0,0,0,0,1,0,0,0,0,2,0,0,1,2,0,0,0,0,0,0,0,0,0,1,0,0,0,0,0,3,0,1,2,2,0,0,2,0,0,0,0,3,0,0,0,0,0,0,0,0,27,1,0,21,1,0,0,0,0,0,0,0,0,0,1,0,0,0,0,0,2,5,0,0,0,1,2,5,0,0,0,0,0,0,0,1,0,0,2,1,0,0,0,0,1,0,0,0,1,2,0,4,1,0,0,4,0,0,0,0,0,3,4,1,0,0,0,0,0,0,4,0,1,0,1,26,1,0,2,0,0,1,0,0,0,0,1,0,279,15,9,0,1,3,0,0,0,0,1,52,0,0,1,1,0,0,161,1,2,0,0,0,0,0,0,0,0,21,0,1,0,0,2,0,0,0,0,0,0,0,0,0,0,3,6,0,23,5,0,0,0,0,0,0,0,0,2,0,1,0,0,0,0,0,0,0,0,0,0,149,0,0,2,0,1,0,0,0,0,0,0,0,0,0,4,0,0,0,0,6,0,0,0,0,0,0,2,0,21,0,0,0,0,0,0,0,0,0,0,0,0,0,0,0,6,0,1,0,0,1,50,0,1,0,0,0,0,0,1,1,0,0,0,0,0,0,0,0,0,0,0,0,0,0,0,0,0,0,0,0,0,0,0,0,0,0,0,0,0,0,1,0,0,0,0,0,6,0,0,0,0,0,6,0,0,0,0,1,0,0,0,0,1,2,0,0,0,19,2,0,0,0,0,0,339,0,2,1,4,0,0,0,0,0,0,0,0,3,1,0,0,0,2,1,0,0,1,0,21,0,0,0,0,0,2,0,0,0,1,0,0,0,0,9,0,0
KP747440.1,1,0,0,0,0,0,0,0,0,0,0,0,5,1,0,0,0,0,0,0,0,0,0,0,0,0,0,0,0,0,0,2,0,1,0,0,0,0,0,0,0,0,0,0,2,0,1,0,0,0,0,0,0,0,0,0,0,0,0,0,0,0,0,0,0,5,0,0,0,0,0,0,0,0,0,0,1,0,0,0,0,0,0,0,0,0,0,0,0,0,1,0,0,0,0,0,0,0,0,0,0,0,0,7,0,0,0,0,0,1,0,0,0,2,0,0,0,25,1,0,0,0,0,0,0,0,1,0,0,0,0,0,0,0,0,0,0,0,0,0,0,0,0,0,0,0,0,0,0,0,0,2,1,0,0,0,0,0,0,0,0,0,0,0,0,2,0,0,0,0,1,0,0,0,0,0,0,0,0,0,0,0,1,0,0,0,31,0,0,1,0,0,0,0,1,0,0,0,0,1,0,0,0,0,0,1,1,0,0,0,0,0,1,0,0,0,0,0,2,2,0,59,40,1,0,0,0,0,0,0,0,0,0,0,0,0,0,0,0,0,0,0,0,0,0,0,0,0,0,0,0,0,0,0,0,0,0,0,0,0,0,2,0,0,0,0,0,0,0,0,0,0,0,1,0,0,0,0,0,0,0,0,0,0,0,0,0,1,1,0,0,0,0,0,0,0,0,0,5,1,0,4,0,0,0,0,0,2,0,0,0,0,0,0,0,1,0,0,0,0,0,0,0,0,1,0,0,0,0,0,0,0,0,0,0,0,1,0,0,0,0,0,0,0,0,0,0,0,0,3,0,1,0,2,0,0,0,0,0,1,0,0,0,0,0,0,0,0,1,0,0,0,0,9,0,0,0,0,0,0,0,0,0,0,0,1,84,3,7,0,3,1,0,0,0,0,0,19,0,0,0,0,0,0,54,1,0,1,0,0,0,0,0,0,0,8,0,0,0,0,0,0,0,0,0,0,0,0,0,0,0,0,0,0,5,0,0,0,0,0,0,0,0,0,0,0,0,0,0,0,0,0,0,0,0,0,0,63,0,0,1,0,1,0,0,2,0,1,0,0,0,0,0,0,0,1,0,1,0,0,0,0,0,0,0,0,5,0,0,0,0,0,0,0,0,0,0,0,0,0,0,0,3,0,0,0,0,1,15,0,0,0,0,0,0,0,0,0,0,0,0,0,0,0,0,0,0,0,0,0,0,0,0,0,0,0,0,0,0,0,0,0,0,0,0,0,0,0,0,0,0,0,0,0,1,0,0,0,0,0,0,0,0,0,0,0,0,0,0,0,0,3,0,0,0,13,0,0,0,0,1,0,132,0,0,0,0,0,0,0,0,0,0,1,0,1,0,0,0,0,0,0,0,0,0,0,3,0,0,0,0,0,0,0,0,0,0,0,0,0,0,3,0,0
KY550224.1,0,0,0,0,0,0,0,0,0,0,0,0,0,0,0,0,0,0,0,0,0,0,0,0,0,0,0,0,0,1,0,0,0,0,0,0,0,0,0,0,0,0,0,0,0,0,0,0,0,0,0,0,0,0,0,0,0,0,0,0,0,0,0,0,1,2,0,0,0,0,0,0,0,0,0,0,0,0,0,0,0,0,0,0,0,0,0,0,0,0,0,0,0,0,0,0,0,0,0,0,0,0,0,2,0,0,0,0,0,0,0,0,0,0,0,0,0,4,1,0,0,0,0,0,0,0,0,0,0,0,0,0,0,0,0,0,0,0,0,0,0,0,0,0,0,0,0,0,0,0,0,0,0,0,0,0,0,0,0,0,0,0,0,0,0,0,0,0,0,0,0,0,0,0,0,0,0,0,0,0,0,0,0,0,0,0,4,0,0,0,0,0,1,0,0,0,0,0,0,0,0,0,0,0,0,0,1,0,0,0,0,0,0,0,0,0,0,0,0,0,0,15,13,0,0,0,0,0,0,0,0,0,0,0,0,0,0,0,0,0,0,0,0,0,0,0,0,0,0,0,0,0,0,0,0,0,0,0,0,0,0,1,0,0,0,0,0,0,0,0,0,0,0,0,0,0,0,0,0,0,0,0,0,0,0,0,0,0,0,0,0,0,0,0,0,0,0,0,1,0,0,2,0,0,0,0,0,0,0,0,0,0,0,0,0,0,0,0,0,0,0,0,0,0,0,0,0,0,0,0,0,0,0,0,0,0,0,0,0,0,0,0,0,0,0,0,0,0,0,0,0,0,0,0,0,0,0,0,0,0,0,0,0,0,0,0,0,0,0,0,0,0,0,6,0,0,0,0,0,0,0,0,0,0,0,0,89,5,3,0,0,0,0,0,0,0,0,3,0,0,0,0,0,0,42,1,0,0,0,0,0,0,0,0,0,2,0,0,0,0,0,0,0,0,0,0,0,0,0,0,0,0,0,0,0,0,0,0,0,0,0,0,0,0,0,0,0,0,0,0,0,0,0,0,0,1,0,4,0,0,0,0,0,0,0,0,0,0,0,0,0,0,0,0,0,0,0,1,0,0,0,0,0,0,0,0,1,0,0,0,0,0,0,0,0,0,0,0,0,1,0,0,9,0,0,0,0,0,5,0,0,0,0,0,0,0,0,0,0,0,0,0,0,0,0,0,0,0,0,0,0,0,0,0,0,0,0,0,0,0,0,0,0,0,0,0,0,0,0,0,0,0,0,0,3,0,0,0,0,0,0,0,0,0,0,0,0,0,0,0,0,0,0,0,0,3,0,0,0,0,0,0,117,0,0,0,0,1,0,0,0,0,0,0,0,1,0,0,0,0,0,0,0,0,0,0,0,0,0,0,0,0,0,0,0,0,0,0,0,0,0,0,0,0
KM667940.1,0,0,0,0,0,1,0,0,0,0,0,0,0,0,0,0,0,0,0,1,0,0,0,0,0,0,2,0,0,0,0,0,0,0,0,0,0,0,0,0,0,0,2,0,0,0,0,0,0,0,2,0,0,0,0,0,2,0,0,0,0,0,0,0,0,2,0,0,0,0,0,0,0,0,0,0,0,0,0,0,0,0,0,0,0,1,0,0,0,0,0,1,0,0,0,0,0,0,0,0,0,0,0,0,0,0,0,0,0,0,0,0,0,2,0,0,0,0,0,0,0,0,0,0,0,0,0,0,0,0,0,0,0,0,0,0,0,0,0,0,0,0,0,0,0,0,0,0,0,0,0,0,0,0,0,0,0,0,0,0,0,0,0,0,0,0,0,0,0,0,0,0,0,0,0,0,0,0,0,0,0,0,0,0,0,0,0,0,0,0,0,0,0,0,1,1,0,0,0,0,0,0,0,0,0,1,0,0,0,0,0,0,0,0,0,2,1,0,0,0,0,0,0,0,0,0,0,0,0,0,0,0,1,0,0,0,2,0,0,0,0,0,0,1,0,2,0,0,0,0,0,0,1,0,0,0,2,0,0,0,1,0,0,1,0,0,2,0,0,1,0,1,3,2,1,1,0,4,0,2,0,4,0,0,0,0,0,0,2,2,0,0,0,0,1,0,0,0,0,0,0,0,1,0,0,0,0,0,0,0,0,0,2,0,1,0,0,0,0,1,0,0,0,0,0,0,1,1,1,0,0,0,0,0,0,3,0,0,0,2,0,0,0,0,0,0,0,0,0,0,1,0,4,1,0,0,1,0,2,0,0,0,0,1,0,0,0,0,0,0,0,3,0,0,2,0,0,2,0,0,0,0,0,3,0,0,0,0,0,1,0,0,0,0,0,1,0,2,3,0,0,0,0,0,0,0,0,0,0,0,0,0,0,2,0,0,0,0,0,0,0,0,0,0,0,0,0,0,0,0,0,0,0,0,0,0,2,0,0,2,1,2,0,0,0,0,0,0,1,0,0,0,0,6,0,0,0,2,0,2,0,1,0,2,0,0,0,0,0,0,0,0,3,0,1,0,0,0,0,1,0,1,1,0,0,2,0,0,0,0,2,0,0,0,0,0,0,0,0,0,1,2,2,3,0,0,0,4,1,0,2,0,2,0,4,0,2,2,0,0,0,0,2,0,0,0,0,0,0,3,0,0,0,0,0,0,0,1,0,0,1,3,0,0,3,0,3,0,0,0,1,0,2,0,0,0,0,1,0,0,4,0,0,0,0,0,1,1,0,0,0,1,1,2,3,0,0,0,0,0,0,0,0,0,2,0,1,0,0,0,0,1,0,0,0,0,0,2,0,1,0,0,2,0,0,0,0,1,0,0,0,0,0,0,0,1,0,0,0,2,0,0,0,2
JA223504.1,0,0,0,0,0,0,0,0,0,0,0,0,0,0,0,0,0,0,0,0,0,0,2,0,1,1,2,1,0,0,0,0,0,0,0,0,0,0,0,0,0,0,0,0,0,0,0,0,0,0,0,0,0,0,0,0,0,0,0,0,0,0,0,0,0,2,0,0,0,0,0,0,0,0,0,0,0,0,1,0,0,0,0,0,0,0,0,0,0,0,0,2,1,0,0,0,0,0,2,0,0,1,0,0,0,0,0,0,0,0,0,0,0,0,0,0,0,0,0,0,0,0,1,0,2,0,0,0,0,0,0,0,0,0,0,0,0,1,0,0,0,0,0,0,0,0,0,0,0,0,0,0,0,0,0,0,0,0,0,0,0,0,0,0,0,0,0,0,2,0,0,0,0,0,0,0,0,0,0,0,0,0,0,0,0,1,0,0,0,0,0,0,0,0,1,0,0,0,0,0,2,0,0,0,0,0,0,0,0,0,0,0,0,0,0,0,0,0,0,0,0,0,0,0,0,0,0,0,0,2,0,1,0,0,2,0,0,1,0,0,0,0,2,1,0,0,0,0,2,0,0,0,0,3,0,0,0,0,0,0,0,0,0,1,0,0,0,0,0,0,0,0,0,2,0,0,0,0,0,0,0,0,0,0,2,0,0,0,0,0,0,0,0,1,0,0,0,0,0,0,0,0,0,0,0,1,0,0,0,0,0,0,0,0,0,1,0,0,0,0,0,0,0,1,0,0,0,0,0,2,0,0,0,0,0,1,2,0,0,0,0,0,0,0,0,0,3,0,0,0,0,0,0,0,0,0,0,0,0,0,0,0,0,0,0,0,0,0,0,0,0,0,0,2,0,0,1,0,0,0,0,0,0,0,0,0,0,0,0,0,0,0,1,0,0,0,0,0,0,0,0,0,0,0,0,0,0,0,0,0,0,1,0,0,0,0,0,2,0,3,0,1,0,0,0,0,1,0,0,0,2,0,3,0,2,0,0,4,0,0,1,4,0,0,0,2,0,0,0,2,1,5,1,0,1,0,0,0,2,0,2,0,1,0,2,2,0,0,0,1,0,0,0,0,2,0,0,1,0,0,2,1,1,0,0,2,0,2,0,0,0,0,0,0,0,0,0,0,0,2,1,1,0,1,2,0,4,1,0,0,0,0,2,0,0,0,0,1,2,0,0,0,1,0,0,0,0,0,0,0,0,0,0,0,0,2,0,0,0,2,0,0,1,0,0,2,2,0,1,0,3,0,0,2,1,2,0,0,0,0,1,0,0,1,2,0,0,0,0,0,0,0,0,0,0,0,0,3,0,2,0,0,1,0,0,0,0,1,0,0,0,1,0,1,0,0,0,2,0,0,0,0,0,0,0,0,0,3,1,0,0,0,1,0,0,0,0,0,0,2,2,1,0,0
NC_001623.1,0,0,0,0,0,0,0,0,1,1,0,0,0,0,0,0,0,0,0,0,2,0,0,0,0,0,0,0,0,0,0,0,0,2,0,0,1,0,0,2,0,0,2,0,0,0,0,0,0,0,1,0,0,0,0,0,0,0,0,0,0,0,0,2,2,0,0,0,0,0,0,0,0,0,0,0,0,2,0,0,0,0,0,0,0,0,0,0,0,0,0,0,0,0,0,0,0,0,0,0,1,0,1,0,0,0,0,0,2,0,0,0,0,1,0,0,0,0,0,0,2,0,0,0,0,0,0,0,0,0,0,0,1,0,0,0,0,0,0,0,0,0,0,0,0,1,0,0,0,0,1,0,0,0,1,0,0,0,0,0,0,0,0,0,2,0,0,0,0,0,0,0,0,0,0,0,0,0,0,0,1,1,0,0,0,0,0,3,0,0,0,0,0,0,0,0,0,0,0,0,0,0,0,0,0,0,0,3,0,0,0,0,0,0,0,0,0,0,1,0,0,0,0,0,0,0,0,0,2,0,0,0,0,0,1,1,0,0,0,1,0,0,0,0,0,0,0,0,0,0,0,0,0,0,0,0,1,0,0,2,0,0,0,0,0,0,0,0,0,0,0,0,0,0,0,0,3,0,1,1,0,0,0,1,0,0,2,0,0,0,0,0,0,0,1,2,0,1,0,0,0,0,0,0,2,0,0,0,0,0,0,0,0,0,3,0,0,0,0,0,0,0,0,1,0,0,0,0,0,0,0,0,0,0,1,0,1,0,0,0,0,0,0,0,1,1,0,0,0,0,0,2,0,1,0,2,0,0,0,0,1,0,0,0,0,0,0,2,0,0,0,0,0,0,0,0,0,0,0,0,0,0,0,0,0,0,1,0,0,0,0,0,0,0,0,0,0,0,0,0,0,0,2,0,0,0,0,0,0,0,0,0,0,0,2,1,2,1,0,0,1,0,0,1,0,0,0,0,0,0,0,1,0,0,0,2,0,0,0,1,2,0,0,2,0,0,0,0,3,0,0,0,0,0,0,0,0,0,0,0,0,0,1,0,0,1,2,1,0,0,2,0,3,0,0,0,0,0,0,0,1,0,1,2,1,1,0,0,0,0,0,0,1,1,2,2,1,0,3,0,1,4,1,3,0,0,0,2,0,0,1,0,0,0,0,0,0,0,1,0,2,0,0,0,0,0,0,0,0,0,0,0,0,0,0,0,1,0,0,0,0,0,0,0,0,0,0,0,1,2,2,0,0,0,0,0,0,0,1,0,1,0,0,1,0,2,0,0,4,0,0,1,0,0,0,0,0,0,0,0,0,1,0,0,0,1,0,0,0,0,0,0,0,0,1,0,0,0,0,0,0,0,0,0,3,0,0,0,1,0,1,0,2,0,0,0,0,1,3,0,0,0,1,0
LF131928.1,0,0,0,0,0,0,0,0,0,1,0,0,0,0,2,0,0,0,0,0,0,0,0,0,0,0,0,0,0,2,0,0,0,0,0,0,0,0,0,0,0,0,0,0,0,0,0,0,2,3,0,2,1,0,0,0,0,0,0,0,0,0,0,0,0,0,0,0,0,0,0,0,0,0,0,0,0,0,0,0,0,0,1,0,0,0,0,0,0,0,0,0,0,0,0,0,0,0,1,0,0,0,0,1,0,0,0,0,0,0,3,0,0,0,0,0,0,0,0,0,0,0,0,0,0,0,0,0,0,0,0,0,0,0,0,0,0,0,0,0,0,0,0,1,1,0,0,0,0,2,0,0,0,0,0,0,0,0,0,0,0,0,0,0,0,0,0,0,0,0,0,0,0,0,0,0,0,0,0,0,0,0,2,0,0,0,0,0,0,0,0,0,0,0,0,0,0,0,0,0,0,0,0,0,1,0,0,0,0,0,0,0,2,0,0,2,0,0,0,0,0,0,0,0,0,0,0,0,0,0,0,0,0,0,0,0,0,0,0,2,0,0,0,0,0,0,1,1,0,0,0,0,0,0,0,1,0,0,0,0,0,0,1,0,4,0,0,0,0,0,0,0,0,0,0,0,0,1,0,0,0,0,0,1,0,0,0,0,3,0,0,0,0,0,0,1,0,1,0,1,2,0,0,0,0,0,0,2,0,2,0,1,1,1,0,0,0,0,1,0,0,0,0,0,0,0,0,0,0,0,0,0,0,1,1,0,0,0,0,0,2,0,0,0,0,0,1,0,2,0,0,0,0,0,0,2,0,0,0,2,3,1,0,0,0,0,1,0,0,0,0,0,0,2,0,0,2,0,0,0,0,0,0,0,0,0,0,0,0,0,0,0,1,0,0,0,0,0,0,0,0,0,2,0,0,0,0,0,0,0,0,0,0,0,0,0,1,0,0,0,0,1,0,0,0,0,0,0,0,0,0,0,0,0,0,0,2,0,1,0,0,0,0,1,2,0,1,0,0,1,0,0,0,0,0,0,0,1,2,1,0,1,1,0,0,0,0,0,0,0,0,2,0,0,1,0,0,0,0,0,3,0,2,0,0,2,2,0,1,0,0,2,0,0,0,0,0,0,0,0,2,0,1,0,1,2,0,0,1,0,3,0,0,2,2,0,0,0,0,0,0,0,0,0,0,0,0,0,0,0,0,0,0,0,0,0,0,0,0,3,0,0,0,1,1,0,2,0,2,0,0,0,0,0,0,0,0,0,0,1,1,0,0,0,0,0,0,0,0,0,0,0,0,1,0,0,1,0,0,0,0,0,0,0,0,0,0,0,1,0,1,0,0,0,2,0,0,0,0,0,2,0,0,0,0,0,0,2,6,0,0,0,0,0,0,0,2,0,0,1,2,4,0,0
JA222069.1,0,0,0,0,0,0,0,0,0,0,0,0,0,0,0,0,0,0,1,0,0,0,0,0,0,0,0,0,0,0,1,0,0,0,0,2,0,0,0,0,0,0,1,0,0,0,0,0,1,0,0,0,0,0,2,0,0,0,0,1,0,0,0,0,0,1,0,0,0,0,0,0,0,0,0,0,0,1,0,0,0,0,0,0,0,0,0,1,0,0,0,0,0,0,0,0,2,0,0,0,0,0,0,0,0,0,0,0,0,0,0,0,0,0,0,0,0,0,2,0,0,0,0,0,0,1,0,0,0,0,0,0,0,0,0,0,0,0,0,0,0,0,0,0,0,0,0,0,0,0,0,0,0,2,0,0,0,0,0,0,0,0,0,0,0,0,0,0,0,0,0,0,0,0,0,0,0,0,0,0,0,0,0,0,0,0,0,0,0,0,0,0,0,0,0,0,1,0,0,0,0,0,0,0,0,0,0,0,0,0,0,0,0,0,1,0,0,0,0,0,0,0,0,0,0,0,0,0,0,0,0,1,0,0,0,0,1,0,0,0,0,0,0,0,0,0,0,0,0,0,0,0,1,0,0,0,4,0,0,0,0,0,0,0,0,0,0,0,0,1,0,0,0,0,0,0,0,0,0,0,0,0,0,0,0,0,0,0,0,0,1,0,0,1,0,0,0,0,0,0,0,0,0,1,1,0,0,0,0,0,3,0,0,0,2,0,0,2,3,0,2,0,0,0,0,0,0,0,0,0,0,0,0,0,0,0,1,0,0,1,0,0,0,0,0,0,0,0,0,0,0,0,2,1,0,1,0,0,0,1,0,0,0,1,0,0,0,1,0,0,2,0,0,1,0,0,1,0,0,0,0,0,0,0,0,0,0,0,0,0,0,0,0,0,0,0,0,0,0,0,0,0,1,0,0,0,0,0,0,0,0,0,0,0,0,0,0,0,0,1,0,0,0,0,0,0,0,0,0,0,0,0,0,0,0,1,0,0,0,2,2,0,6,1,1,0,2,0,0,0,0,1,0,0,0,0,1,0,0,0,0,0,0,0,0,0,0,0,0,0,0,0,0,0,0,0,0,0,0,0,0,3,1,0,0,1,0,0,2,1,0,0,0,2,2,0,2,0,1,0,2,0,1,0,0,0,0,2,0,1,0,0,0,1,2,0,2,0,0,0,0,0,0,1,1,0,0,0,0,2,0,0,0,0,0,0,0,0,0,2,0,3,0,1,0,0,0,2,0,0,2,0,0,0,0,4,0,0,1,2,0,0,0,1,2,0,1,0,0,1,0,0,0,0,0,2,0,0,0,0,0,0,0,0,0,0,0,2,0,0,0,0,0,2,0,0,0,0,2,0,0,2,0,0,0,3,3,5,0,1,0,0,0,0,1,1,0,0,1,2,0,0,2,0
M75679.1,0,0,0,0,0,0,0,0,0,0,1,1,0,0,0,0,1,0,0,0,0,0,0,0,0,0,1,0,0,0,0,0,0,1,0,1,0,0,0,0,0,0,1,0,0,0,1,0,0,0,0,0,0,0,0,0,0,0,0,0,0,0,0,0,0,0,0,0,0,0,0,0,0,0,0,0,0,0,0,0,0,0,0,0,0,2,0,0,0,0,0,0,0,0,0,0,0,0,0,0,0,0,0,0,0,0,0,0,0,0,0,0,0,0,0,0,0,1,0,0,0,0,0,0,1,0,0,0,0,0,0,0,0,0,0,0,0,0,0,0,0,0,0,0,0,0,0,0,1,0,0,0,0,0,0,0,0,0,0,0,0,0,0,0,0,0,0,0,0,2,0,0,0,0,0,0,0,0,0,0,0,0,0,0,0,0,0,0,0,0,0,0,2,0,0,0,0,0,0,0,0,0,0,0,0,0,0,0,0,0,0,0,0,0,0,0,0,0,0,0,0,0,0,0,0,0,0,0,1,0,1,1,1,0,0,0,1,0,0,0,1,0,0,1,0,1,0,0,0,0,0,0,0,0,0,0,1,0,0,0,0,0,0,2,2,0,0,0,0,0,0,2,0,0,0,0,0,0,0,0,0,0,0,0,0,0,0,0,0,0,0,0,0,0,0,0,0,0,1,1,1,0,0,0,0,1,0,0,1,1,0,0,0,0,0,0,0,1,1,0,0,0,0,0,1,0,0,0,2,0,0,0,0,0,1,0,0,0,0,1,0,0,0,0,0,0,1,0,0,0,0,0,0,0,0,0,0,0,0,0,0,2,0,0,1,0,0,0,0,0,0,0,0,0,0,0,1,0,0,0,0,1,0,0,0,0,0,0,0,1,0,0,0,2,0,0,0,2,0,0,0,0,0,0,0,0,0,0,0,2,0,2,0,0,0,1,0,0,2,0,0,0,1,0,0,0,1,0,0,0,0,0,0,0,0,3,0,1,2,0,3,0,0,0,2,4,2,2,0,2,0,0,0,0,0,0,0,0,0,1,1,2,0,2,0,0,0,0,0,0,0,1,2,1,0,0,0,0,0,0,1,3,1,1,0,0,0,0,0,1,0,0,3,1,0,0,0,0,0,1,1,0,0,1,0,0,0,0,0,1,0,0,0,1,0,0,0,2,0,0,0,0,0,1,0,0,0,0,2,0,0,0,0,0,0,0,0,0,0,0,0,0,0,0,0,1,0,0,0,0,1,1,2,0,0,0,0,1,0,0,0,0,3,1,0,0,2,0,2,0,0,2,0,1,2,0,0,0,0,0,0,0,0,0,0,0,0,0,3,0,0,0,0,0,0,0,0,0,1,0,3,0,0,0,0,1,2,3,1,0,0,0,0,0,0,0,0,0,0,0,1,0,1,0
L22858.1,0,0,0,0,1,0,0,0,0,0,0,0,0,0,0,0,0,0,0,0,0,0,0,0,0,0,0,1,0,0,0,1,0,0,0,0,0,0,0,1,0,0,0,3,0,0,0,0,0,0,1,0,0,0,0,0,0,1,0,0,0,0,0,0,0,0,0,0,0,0,0,0,0,0,0,0,0,0,0,0,0,0,0,0,0,0,0,0,0,0,0,0,0,0,0,0,0,1,2,0,0,0,2,0,0,0,0,0,0,0,0,0,0,0,1,0,0,2,0,0,0,0,0,0,0,0,0,0,0,0,0,1,0,0,0,0,0,0,0,0,1,0,0,0,0,0,0,0,0,0,0,0,0,0,0,0,0,0,0,0,0,0,0,0,0,0,2,0,0,0,0,0,0,0,0,0,0,0,0,0,0,0,0,0,0,0,0,0,0,0,0,0,1,0,0,0,0,0,0,0,0,0,0,0,0,0,0,0,0,0,0,0,0,0,0,0,0,0,0,0,0,0,0,0,0,0,0,0,0,0,0,0,0,2,0,2,0,0,0,0,0,0,0,0,0,0,0,0,0,0,0,0,0,0,0,1,0,0,0,2,0,0,0,0,0,0,0,0,0,0,0,0,1,0,0,0,0,2,0,0,0,1,0,0,1,1,0,0,2,1,1,2,0,0,0,0,1,0,1,0,0,1,0,0,0,0,0,1,0,0,0,0,0,1,0,0,0,0,0,0,0,1,0,2,1,0,0,0,0,0,0,0,0,0,0,0,0,0,1,0,0,0,3,0,0,0,0,0,1,1,1,0,0,0,1,0,0,1,0,0,0,0,0,0,0,0,0,0,0,0,0,0,0,0,2,0,0,3,0,0,2,0,0,0,1,0,0,1,1,0,0,1,0,0,0,0,0,0,0,0,0,0,0,0,0,1,0,0,0,0,1,0,0,0,0,0,0,0,0,0,0,0,2,1,0,0,0,0,0,0,0,0,0,0,0,0,0,0,0,0,1,0,1,0,0,0,0,0,1,0,2,2,0,0,0,0,0,0,0,0,1,0,0,0,0,2,0,0,0,0,2,0,0,0,0,0,0,0,0,0,0,0,0,2,2,0,0,1,2,2,0,0,0,0,0,1,0,2,0,0,2,0,2,3,0,0,0,0,2,1,0,0,0,0,0,0,2,0,0,0,0,0,0,0,0,0,0,0,0,1,0,0,0,0,0,0,0,0,0,0,3,0,0,0,1,0,3,0,0,0,0,0,0,0,3,2,0,0,0,0,1,0,1,0,2,0,0,0,0,0,0,2,0,0,0,0,0,2,0,1,0,1,0,2,0,0,0,1,0,0,0,2,0,0,0,0,0,0,0,1,0,0,0,0,0,0,2,0,0,3,1,0,0,0,0,0,0,0,0,2,0,0,1,0
KM609482.1,0,0,0,0,0,0,0,0,0,0,0,0,0,0,0,0,0,0,0,0,0,0,2,0,0,0,0,2,0,0,0,0,0,0,0,0,0,0,0,0,0,0,0,0,2,0,0,0,0,0,0,0,0,1,0,0,0,1,0,0,0,0,0,0,0,0,0,0,0,0,0,0,0,0,0,0,0,0,0,0,0,0,0,0,0,1,0,0,0,0,0,0,1,0,0,0,0,0,0,0,0,0,1,0,0,0,0,0,0,0,0,0,0,0,0,0,0,0,0,0,0,0,0,0,0,0,0,0,0,0,0,0,1,0,0,0,0,0,0,0,0,0,0,0,0,0,0,0,0,0,0,0,0,0,0,0,0,0,0,0,2,0,0,0,0,0,0,0,0,0,0,0,0,0,0,0,0,0,0,0,0,0,0,0,0,2,0,0,1,0,0,1,0,0,0,0,0,0,0,0,0,0,0,0,0,0,0,0,0,0,0,0,0,0,0,0,0,0,0,0,0,0,0,0,0,0,0,0,0,0,0,0,0,1,0,2,0,0,0,0,0,0,0,0,0,0,0,0,0,0,0,0,0,0,0,0,0,1,0,0,2,0,0,0,0,0,0,0,0,0,0,0,0,0,0,1,0,0,0,1,0,0,0,0,0,0,0,0,0,0,0,0,0,2,0,0,0,0,0,3,0,1,0,2,0,0,0,0,0,1,1,0,0,0,2,0,0,0,0,0,0,0,0,0,0,0,0,0,1,0,0,0,0,0,0,1,0,1,0,0,0,0,0,0,0,0,0,1,0,1,1,0,0,0,0,1,1,0,1,0,0,0,2,2,0,0,0,0,0,0,0,0,0,0,0,0,0,0,0,0,0,0,0,0,0,0,0,0,0,0,0,0,0,0,0,0,2,1,0,0,0,1,1,0,0,0,0,0,0,0,0,0,0,0,0,0,0,0,0,0,0,0,0,0,0,0,0,0,0,1,1,0,0,0,0,0,0,0,1,0,0,0,0,0,0,1,2,0,2,0,0,0,0,0,0,0,0,0,1,1,0,3,1,0,0,0,0,0,0,0,2,0,0,0,1,0,0,0,0,2,3,0,1,0,0,1,2,0,0,0,0,2,1,0,0,2,0,0,0,0,0,0,0,0,1,2,0,0,0,0,0,0,1,0,0,0,1,0,2,0,0,0,0,0,0,0,0,0,0,0,0,0,0,0,0,0,0,0,0,0,0,0,0,0,0,0,0,0,0,0,1,1,0,0,0,0,0,0,0,0,0,0,0,0,0,0,0,0,0,0,0,1,0,0,1,0,0,0,0,0,0,0,0,2,0,0,0,0,0,0,0,0,0,0,1,0,0,0,0,0,0,0,0,0,0,0,1,1,0,4,0,0,0,0,0,0,0,0,0,0,0,0,0,0
DQ457003.1,0,0,0,0,0,0,0,0,0,0,0,0,0,0,0,0,0,0,0,0,0,0,0,0,0,0,0,0,0,0,0,0,0,0,0,0,0,0,0,0,0,0,0,0,0,0,0,0,0,0,0,0,0,0,0,0,0,0,0,0,0,2,0,0,0,0,2,0,2,0,0,0,0,0,0,0,0,0,0,0,0,0,0,0,0,0,2,0,0,0,0,0,0,0,0,0,0,0,0,0,0,0,0,0,0,0,0,0,2,0,0,0,0,0,0,0,0,0,0,0,0,0,0,0,0,0,0,0,0,0,0,0,0,0,0,0,0,0,2,0,0,0,0,0,0,0,0,0,0,0,0,0,0,0,0,0,0,0,0,0,0,0,0,0,0,0,0,0,0,0,0,0,0,0,0,0,0,0,0,0,0,0,0,0,0,0,0,0,0,0,0,0,0,0,0,0,0,0,0,0,0,0,2,0,0,0,0,2,0,0,0,0,0,0,0,0,0,0,0,0,0,0,0,0,0,0,0,0,0,0,0,0,2,3,0,0,0,0,0,0,0,0,0,0,0,0,0,0,0,0,0,0,0,0,0,0,0,0,0,0,0,0,0,0,2,0,0,0,0,0,0,2,0,0,2,0,0,0,0,0,0,0,0,0,0,0,0,0,0,2,0,0,0,0,0,0,0,0,0,0,0,0,0,0,0,0,0,0,0,2,0,0,0,2,0,2,0,0,0,0,0,0,2,0,0,0,0,0,0,0,0,0,0,0,0,0,0,0,0,0,0,0,0,0,2,0,0,2,0,0,0,0,0,0,0,0,0,0,2,0,0,0,0,0,0,0,0,0,0,0,0,0,0,0,0,0,0,0,0,0,0,0,0,0,0,0,0,0,0,0,1,0,0,0,0,0,0,0,0,0,0,0,0,2,0,0,0,0,0,0,0,0,0,0,0,0,0,0,0,0,0,0,0,0,0,0,0,0,0,2,0,0,0,0,1,0,0,0,2,0,0,0,2,0,0,0,0,0,0,0,2,0,0,0,0,0,0,0,0,0,0,0,0,0,0,2,0,2,0,0,0,2,0,2,2,2,0,0,0,0,0,0,0,0,0,0,0,0,0,0,0,0,0,0,0,0,2,0,0,0,0,0,0,0,4,0,0,4,0,0,0,0,0,0,0,0,0,0,0,0,0,0,0,0,0,0,0,0,0,0,0,0,0,0,0,0,0,0,0,0,0,0,0,0,2,0,4,0,0,0,0,0,0,0,0,0,0,0,0,0,0,0,0,0,0,0,0,0,2,0,2,0,0,2,0,0,0,0,0,0,0,0,0,0,0,0,0,0,0,0,0,0,0,0,0,0,0,0,0,0,0,0,0,0,0,0,0,0,0,0,0,0,0,0,0,0,0,0,0,0,2,0,0,0
LF131929.1,0,0,0,0,0,0,0,0,0,0,0,0,0,0,0,0,0,0,2,0,0,0,0,0,0,0,0,0,0,0,0,0,0,0,0,0,0,0,0,0,0,0,2,0,0,0,0,0,0,0,0,0,0,0,0,0,0,0,0,0,0,2,0,0,0,0,0,0,2,0,0,0,0,0,0,0,0,0,0,0,0,0,0,0,0,0,0,0,0,0,0,0,0,0,0,0,0,0,0,0,0,0,0,0,0,0,0,0,2,0,0,0,0,0,0,0,0,0,0,0,0,0,0,0,0,0,0,0,0,0,0,0,0,0,0,0,0,0,0,0,0,0,0,0,0,0,0,0,0,0,0,0,0,0,0,0,0,0,0,0,0,0,0,0,0,0,0,0,0,0,0,0,0,0,0,0,0,0,0,0,0,0,0,0,0,0,0,0,0,0,0,0,0,0,0,0,0,0,0,0,0,0,0,0,0,0,0,0,0,0,0,0,0,0,0,0,2,0,0,0,0,0,0,0,0,0,0,0,0,0,2,0,0,0,0,0,0,0,0,0,0,0,0,0,0,0,1,0,0,0,0,0,2,0,0,0,0,0,0,0,0,0,0,0,0,0,2,0,0,0,1,1,0,0,0,0,0,0,0,0,0,0,0,0,0,0,0,0,0,0,0,0,0,0,0,0,0,0,0,0,0,0,0,0,0,0,0,0,0,0,0,0,0,4,0,0,0,0,0,0,0,0,0,0,0,1,0,0,0,0,0,0,0,0,0,0,0,0,0,0,0,0,0,2,0,0,2,0,0,0,0,0,0,0,0,0,0,0,0,2,0,0,0,0,0,0,0,0,0,0,0,0,0,0,0,0,0,0,0,0,2,0,0,0,0,0,0,0,0,0,0,0,0,0,0,0,0,0,0,0,0,2,2,0,0,0,0,0,0,0,0,0,0,0,0,0,0,0,0,0,0,0,0,0,0,0,0,0,0,0,0,0,0,0,0,2,0,2,2,0,0,0,3,0,0,0,0,0,0,0,0,2,0,0,0,0,0,2,0,0,0,0,0,0,0,0,0,0,0,0,0,0,0,0,2,0,0,0,0,0,0,0,0,0,0,0,2,0,0,3,0,0,0,0,0,0,0,0,0,0,0,1,0,0,0,0,0,2,0,2,0,0,0,0,0,0,0,0,0,0,0,0,0,0,0,0,2,0,0,0,0,0,0,0,0,0,0,0,0,0,0,2,0,0,0,0,0,0,0,0,0,0,2,0,0,0,0,0,2,0,0,0,0,0,0,0,0,0,0,0,0,0,0,0,0,0,0,0,0,0,0,0,0,0,0,0,0,0,0,0,0,0,0,0,0,0,0,0,0,0,0,0,0,0,0,0,0,0,0,2,0,0,2,0,0,2,0,0,0,0,0,2,0,0
D00700.1,0,0,0,0,0,0,0,0,0,0,0,0,0,0,0,0,0,0,0,0,0,0,0,0,0,0,0,0,0,0,0,0,0,0,0,0,0,0,0,0,0,0,0,0,0,0,0,0,0,0,0,0,0,0,0,0,0,0,0,0,0,0,0,0,0,0,0,0,0,0,0,0,0,0,0,0,0,0,2,0,0,0,0,0,0,0,0,0,0,0,0,0,0,0,0,0,0,0,0,0,0,0,0,0,0,0,0,0,0,0,0,0,0,0,0,0,0,0,0,0,0,0,0,0,0,0,2,0,0,0,0,0,0,0,0,0,0,0,0,0,0,0,0,0,0,0,0,0,0,0,0,0,0,0,0,0,0,0,0,0,0,0,0,0,0,0,0,0,0,0,0,0,0,0,0,0,0,0,0,0,0,0,0,0,0,0,0,0,0,0,0,0,0,0,0,0,0,0,0,0,0,0,0,0,0,0,0,0,0,0,0,0,0,0,0,0,0,0,0,0,0,0,0,0,0,0,0,0,0,0,0,0,0,0,0,0,0,0,0,0,0,0,0,0,0,0,0,0,0,0,0,0,0,0,0,0,0,0,0,0,0,0,0,0,0,0,0,0,0,0,0,0,0,0,0,0,0,0,0,0,0,0,0,0,0,0,0,0,0,2,2,0,0,0,0,0,0,0,0,0,0,0,0,0,0,0,0,0,0,0,0,0,0,0,3,0,0,2,0,0,0,0,0,0,0,0,0,0,0,0,0,0,0,0,0,0,0,0,0,0,0,0,0,0,0,0,0,0,0,0,0,0,0,0,0,0,0,0,0,0,0,0,0,0,0,0,0,0,2,0,0,0,0,0,0,0,0,0,0,0,0,0,0,0,0,0,0,0,0,0,0,0,0,0,2,0,0,0,0,0,0,0,0,0,0,0,0,0,0,0,0,0,0,0,0,0,0,0,0,0,0,0,0,0,1,0,0,0,0,0,0,0,0,0,0,0,0,0,0,0,0,0,0,0,2,0,2,0,0,0,0,0,0,0,0,0,0,0,0,0,0,0,0,0,0,0,0,0,0,0,0,0,0,0,0,0,0,0,0,0,0,0,0,0,0,0,0,0,0,0,0,0,0,0,0,0,0,0,0,0,0,0,0,2,0,0,0,0,0,0,0,0,0,0,0,0,0,0,0,0,0,0,0,0,0,0,0,0,0,0,0,0,0,0,0,0,0,0,0,0,0,0,0,0,0,2,0,0,0,0,0,0,0,0,0,0,0,0,0,0,0,0,0,0,0,0,0,0,0,0,0,0,0,2,0,0,0,0,0,0,0,0,0,0,0,0,0,0,0,0,0,0,0,0,0,0,0,0,0,0,0,0,0,0,0,0,0,0,0,0,0,0,0,0,2,1,0,0,0,0,0,2,0,0
AH003102.2,0,0,0,0,0,0,0,0,0,0,0,0,0,0,0,0,0,0,0,0,0,0,0,0,0,0,0,0,0,0,0,0,0,0,0,0,0,0,0,0,0,0,0,0,0,0,0,0,0,0,0,0,0,0,0,0,0,0,0,0,0,0,0,0,0,0,0,0,0,0,0,0,0,0,0,0,0,0,0,0,0,0,0,0,0,0,0,0,0,0,0,0,0,0,0,0,0,0,0,0,0,0,0,0,0,0,0,0,0,0,0,2,0,0,0,0,0,0,0,0,0,0,0,0,0,0,0,0,0,0,0,2,0,0,0,0,0,0,0,0,0,0,0,0,0,0,0,0,0,0,0,0,0,0,0,0,0,0,0,0,0,0,0,0,0,0,0,0,0,0,0,0,0,0,0,0,0,0,0,0,0,0,0,0,0,0,0,0,0,0,0,0,0,0,0,0,0,0,0,0,0,0,0,0,0,0,0,0,0,0,0,0,0,0,0,0,0,0,0,0,0,0,0,0,0,0,0,0,0,0,0,0,0,0,0,0,0,0,0,0,0,0,2,0,0,0,0,0,0,0,0,0,0,0,0,0,0,0,0,0,0,0,0,0,0,0,0,0,0,0,0,0,0,0,0,0,0,0,0,0,0,0,0,0,0,0,0,0,0,0,0,0,0,0,0,0,0,0,0,0,0,0,0,0,0,0,0,0,0,0,0,0,0,0,0,0,0,0,0,0,0,0,0,0,0,0,0,0,0,0,0,0,0,0,0,0,0,0,0,0,0,0,0,0,0,0,0,0,0,0,0,0,0,0,0,0,0,0,0,0,0,0,0,0,0,0,0,0,0,0,0,0,0,0,0,0,0,0,0,0,0,0,0,0,0,0,0,0,0,0,0,0,0,0,0,0,0,0,0,0,0,0,0,0,0,0,0,0,0,0,0,0,0,0,0,0,0,0,0,0,0,0,0,0,0,0,0,0,0,0,0,0,0,0,0,0,0,0,0,0,0,0,0,0,0,0,0,0,0,0,0,0,0,0,0,0,0,0,0,0,0,0,0,2,0,0,0,0,0,0,0,0,0,0,0,0,0,0,0,0,0,0,0,0,0,0,0,0,0,0,0,0,0,0,0,0,0,0,0,0,0,0,0,0,0,0,0,0,0,0,0,0,0,0,0,0,0,0,0,0,0,0,0,0,0,0,0,0,0,0,0,0,0,0,0,0,0,0,0,0,0,0,0,0,0,0,0,0,0,0,0,0,0,0,0,0,0,0,0,0,0,0,0,0,0,0,0,0,0,0,0,0,0,0,0,0,0,0,0,0,0,0,0,0,0,0,0,0,0,0,0,0,0,0,0,0,0,0,0,0,0,0,0,0,0,0,0,0,0,0,0,0,0,0,0,0,0,0,0,0,0,0,0,0
DQ345451.1,0,0,0,0,0,0,0,0,0,0,0,0,0,0,0,0,0,0,0,0,0,0,0,0,0,0,0,0,0,0,0,0,0,0,0,0,0,0,0,0,0,0,0,0,0,0,0,0,0,0,0,0,0,0,0,0,0,0,0,0,0,0,0,0,0,0,0,0,0,0,0,0,0,0,0,0,0,0,0,0,0,0,0,0,0,0,0,0,0,0,0,0,0,0,0,0,0,0,0,0,0,0,0,0,0,0,0,0,0,0,0,0,0,0,0,0,0,0,0,0,0,0,0,0,0,0,0,0,0,0,0,0,0,0,0,0,0,0,0,0,0,0,0,0,0,0,0,0,0,0,0,0,0,0,0,0,0,0,0,0,0,0,0,0,0,0,0,0,0,0,0,0,0,0,1,0,0,0,0,0,0,0,0,0,0,0,0,0,0,0,0,0,0,0,0,0,0,0,0,0,0,0,0,0,0,0,0,0,0,0,0,0,0,0,0,0,0,0,0,0,0,0,0,0,0,0,0,0,0,0,0,0,0,0,0,0,0,0,1,0,0,0,0,0,0,0,0,1,0,0,0,0,0,0,0,0,0,0,0,0,0,0,0,0,0,0,0,0,0,0,0,0,0,0,0,0,0,0,0,0,0,0,0,0,0,0,0,0,0,0,0,0,0,0,0,0,1,0,0,0,0,0,0,0,0,0,0,0,0,0,0,0,0,0,0,0,0,0,0,0,0,0,0,0,0,0,0,0,0,0,0,0,0,0,0,0,0,0,0,0,0,0,0,0,0,0,0,0,0,0,0,0,0,0,0,0,0,0,0,0,0,0,0,0,0,0,0,0,0,0,0,0,0,0,0,0,0,0,0,0,0,0,0,0,0,0,0,0,0,0,0,0,0,0,0,0,0,0,0,0,0,0,0,0,0,0,0,0,0,0,0,0,0,0,0,0,0,0,0,0,0,0,0,0,0,0,0,0,0,0,0,0,0,0,0,0,0,0,0,0,0,0,0,0,0,0,0,0,0,0,0,0,0,0,0,0,0,0,0,0,0,0,0,0,0,0,0,0,0,0,0,0,0,0,0,0,0,0,0,0,0,1,0,1,0,0,0,0,0,0,0,0,0,0,0,0,0,0,0,0,0,0,0,0,0,0,0,0,0,0,0,0,0,0,0,0,0,0,0,0,0,0,0,0,0,0,0,0,0,0,0,0,0,0,0,0,0,0,0,0,0,0,0,0,0,0,0,0,0,0,0,0,0,0,0,0,0,0,0,0,0,0,0,0,0,0,0,0,0,0,0,0,0,0,0,0,0,0,0,0,0,0,0,0,0,0,0,0,0,0,0,0,0,0,0,0,0,0,0,0,0,0,0,0,0,0,0,0,0,0,0,0,0,0,0,0,0,0,0,0,0,0,0,0
AY096243.1,0,0,0,0,0,0,0,0,0,0,0,0,0,0,0,0,0,0,0,0,0,0,0,0,0,0,0,0,0,0,0,0,0,0,0,0,0,0,0,0,0,0,0,0,0,0,0,0,0,0,0,0,0,0,0,0,0,0,0,0,0,0,0,0,0,0,0,0,0,0,0,0,0,0,0,0,0,0,0,0,0,0,0,0,0,0,0,0,0,0,0,0,0,0,0,0,0,0,0,0,0,0,0,0,0,0,0,0,0,0,0,0,0,0,0,0,0,0,0,0,0,0,0,0,0,0,0,0,0,0,0,0,0,0,0,0,0,0,0,0,0,0,0,0,0,0,0,0,0,0,0,0,0,0,0,0,0,0,0,0,0,0,0,0,0,0,0,0,0,0,0,0,0,0,0,0,0,0,0,0,0,0,0,0,0,0,0,0,0,0,0,0,0,0,0,0,0,0,0,0,0,0,0,0,0,0,0,0,0,0,0,0,0,0,0,0,0,0,0,0,0,0,0,0,0,0,0,0,0,0,0,0,0,0,0,0,0,0,0,0,0,0,0,0,0,0,0,0,0,0,0,0,0,0,0,0,0,0,0,0,0,0,0,0,0,0,0,0,0,0,0,0,0,0,0,0,1,0,0,0,0,0,0,0,0,0,0,0,0,0,0,0,0,0,0,0,0,0,0,0,0,0,0,0,0,0,0,0,0,0,0,0,0,0,0,0,0,0,0,0,0,0,0,0,0,0,0,0,0,0,0,0,0,0,0,0,0,0,0,0,0,0,0,0,0,0,0,0,0,1,0,0,0,0,0,0,0,0,0,0,0,0,0,0,0,0,0,0,0,0,0,0,0,0,0,0,0,0,0,0,0,0,0,0,0,0,0,0,0,0,0,0,0,0,0,0,0,0,0,0,0,0,0,0,0,0,0,0,0,0,0,0,0,0,0,0,0,0,0,0,0,0,0,0,0,0,0,0,0,0,0,0,0,0,0,0,0,1,0,0,0,0,0,0,0,0,0,0,0,0,0,0,0,0,0,0,0,0,0,0,0,0,0,0,0,0,0,0,0,0,0,0,0,0,0,0,0,0,0,0,0,0,0,0,0,0,0,0,0,0,0,0,0,0,0,0,0,0,0,0,0,0,0,0,0,0,0,0,0,0,0,0,0,0,0,0,0,0,0,0,0,0,0,0,0,0,0,0,0,0,0,0,0,0,0,0,0,0,0,0,0,0,0,0,0,0,0,0,0,0,0,0,0,0,0,0,0,0,0,0,0,0,0,0,0,0,0,0,0,0,0,0,0,0,0,0,0,0,0,0,0,0,0,0,0,0,0,0,0,0,0,0,0,0,0,0,0,0,0,0,0,0,0,0,0,0,0,0,0,0,0,0,0,0,0,0,0,0,0,0,0,0,0,0
MF974563.1,0,0,0,0,0,0,0,0,0,0,0,0,0,0,0,0,0,0,0,0,0,0,0,0,0,0,0,0,0,0,0,0,0,0,0,0,0,0,0,0,0,0,0,0,0,0,0,0,0,0,0,0,0,0,0,0,0,0,0,0,0,0,0,0,0,0,0,0,0,0,0,0,0,0,0,0,0,0,0,0,0,0,0,0,0,0,0,0,0,0,0,0,0,0,0,0,0,0,0,0,0,0,0,0,0,0,0,0,0,0,0,0,0,0,0,0,0,0,0,0,0,0,0,0,0,0,0,0,0,0,0,0,0,0,0,0,0,0,0,0,0,0,0,0,0,0,0,0,0,0,0,0,0,0,0,0,0,0,0,0,0,0,0,0,0,0,0,0,0,0,0,0,0,0,0,0,0,0,0,0,0,0,0,0,0,0,0,0,0,0,0,0,0,0,0,0,0,0,0,0,0,0,0,0,0,0,0,0,0,0,0,0,0,0,0,0,0,0,0,0,0,0,0,0,0,0,0,0,0,0,0,0,0,0,0,0,0,0,0,0,0,0,0,0,0,0,0,0,0,0,0,0,0,0,0,0,0,0,0,0,0,0,0,0,0,0,0,0,0,0,0,0,0,0,0,0,0,0,0,0,0,0,0,0,0,0,0,0,0,0,0,0,0,0,0,0,0,0,0,0,0,0,0,0,0,0,0,0,0,0,0,0,0,0,0,0,0,0,0,0,0,0,0,0,0,0,0,0,0,0,0,0,0,0,0,0,0,0,0,0,0,0,0,0,0,0,0,0,0,0,0,0,0,0,0,0,0,0,0,0,0,0,0,0,0,0,0,0,0,0,0,0,0,0,0,0,0,0,0,0,0,0,0,0,0,0,0,0,0,0,0,0,0,0,0,0,0,0,0,0,0,0,0,0,0,0,0,0,0,0,0,0,0,0,0,0,0,0,0,0,0,0,0,0,0,0,0,0,0,0,0,0,0,0,0,0,0,0,0,0,0,0,0,0,0,0,0,0,0,0,0,0,0,0,0,0,0,0,0,0,0,0,0,0,0,0,0,0,0,0,0,0,0,0,0,0,0,0,0,0,0,0,0,0,0,0,0,0,0,0,0,0,0,0,1,0,0,0,0,0,0,0,0,0,0,0,0,0,0,1,0,0,0,0,0,0,0,0,0,0,0,0,0,0,0,0,0,0,0,0,0,0,0,0,0,0,0,0,0,0,0,0,0,0,0,0,0,0,0,0,0,0,0,0,0,0,0,0,0,0,0,0,0,0,0,0,0,0,0,0,0,0,0,0,0,0,0,0,0,0,0,0,0,0,0,0,0,0,0,0,0,0,0,0,0,0,0,0,0,0,0,0,0,0,0,0,0,0,0,0,0,0,0,0,0,0,0,0,0,0,0,0,0,0
JN674672.1,0,0,0,0,0,0,0,0,0,0,0,0,0,0,0,0,0,0,0,0,0,0,0,0,0,0,0,0,0,0,0,0,0,0,0,0,0,0,0,0,0,0,0,0,0,0,0,0,0,0,0,0,0,0,2,0,0,0,0,0,0,0,0,0,0,0,0,0,0,0,0,0,0,0,0,0,0,0,0,0,0,0,0,0,0,0,0,0,0,0,0,0,0,0,0,0,0,0,0,0,0,0,0,0,0,0,0,0,0,0,0,0,0,0,0,0,0,0,0,0,0,0,0,0,0,0,0,0,0,0,0,0,0,0,0,0,0,0,0,0,0,0,0,0,0,0,0,0,0,0,0,0,0,0,0,0,0,0,0,0,0,0,0,0,0,0,0,0,0,0,0,0,0,0,0,0,0,0,0,0,0,0,0,0,0,0,0,0,0,0,0,0,0,0,0,0,0,0,0,0,0,0,0,0,0,0,0,0,0,0,0,0,0,0,0,0,0,0,0,0,0,0,0,0,0,0,0,0,0,0,0,0,0,0,0,0,0,0,0,0,0,0,0,0,0,0,0,0,0,0,0,0,0,0,0,0,0,0,0,0,0,0,0,0,0,0,0,0,0,0,0,0,0,0,0,0,0,0,0,0,0,0,0,0,0,0,0,0,0,0,0,0,0,0,0,0,0,0,0,0,0,0,0,0,0,0,0,0,0,0,0,0,0,0,0,0,0,0,0,0,0,0,0,0,0,0,0,0,0,0,0,0,0,0,0,0,0,0,0,0,0,0,0,0,0,0,0,0,0,0,0,0,0,0,0,0,0,0,0,0,0,0,0,0,0,0,0,0,0,0,0,0,0,0,0,0,0,0,0,0,0,0,0,0,0,0,0,0,0,0,0,0,0,0,0,0,0,0,0,0,0,0,0,0,0,0,0,0,0,0,0,0,0,0,0,0,0,0,0,0,0,0,0,0,0,0,0,0,0,0,0,0,0,0,0,0,0,0,0,0,0,0,0,0,0,0,0,0,0,0,0,0,0,0,0,0,0,0,0,0,0,0,0,0,0,0,0,0,0,0,0,0,0,0,0,0,0,0,0,0,0,0,0,0,0,0,0,0,0,0,0,0,0,0,0,0,0,0,0,0,0,0,0,0,0,0,0,0,0,0,0,0,0,0,0,0,0,0,0,0,0,0,0,0,0,0,0,0,0,0,0,0,0,0,0,0,0,0,0,0,0,0,0,0,0,0,0,0,0,0,0,0,0,0,0,0,0,0,0,0,0,0,0,0,0,0,0,0,0,0,0,0,0,0,0,0,0,0,0,0,0,0,0,0,0,0,0,0,0,0,0,0,0,0,0,0,0,0,0,0,0,0,0,0,0,0,0,0,0,0,0,0,0,0,0,0,0,0,0,0,0,0,0,0
M96762.1,0,0,0,0,0,0,0,0,0,0,0,0,0,0,0,0,0,0,0,0,0,0,0,0,0,0,0,0,0,0,0,0,0,0,0,0,0,0,0,0,0,0,0,0,0,0,0,0,0,0,0,0,0,0,0,0,0,0,0,0,0,0,0,0,0,0,0,0,0,0,0,0,0,0,0,0,0,0,0,0,0,0,0,0,0,0,0,0,0,0,0,0,0,0,0,0,0,0,0,0,0,0,0,0,0,0,0,0,0,0,0,0,0,0,0,0,0,0,0,0,0,0,0,0,0,0,0,0,0,0,0,0,0,0,0,0,0,0,0,0,0,0,0,0,0,0,0,0,0,0,0,0,0,0,0,0,0,0,0,0,0,0,0,0,0,0,0,0,0,0,0,0,0,0,0,0,0,0,0,0,0,0,0,0,0,0,0,0,0,0,0,0,0,0,0,0,0,0,0,0,0,0,0,0,0,0,0,0,0,0,0,0,0,0,0,0,0,0,0,0,0,0,0,0,0,0,0,0,0,0,0,0,0,0,0,0,0,0,0,0,0,0,0,0,0,0,0,0,0,0,0,0,0,0,0,0,0,0,0,0,0,0,0,0,0,0,0,0,0,0,0,0,0,0,0,0,0,0,0,0,0,0,0,0,0,0,0,0,0,0,0,0,0,0,0,0,0,0,0,0,0,0,0,0,0,0,0,0,0,0,0,0,0,0,0,0,0,0,0,0,0,0,0,0,0,0,0,0,0,0,0,0,0,0,0,0,0,0,0,0,0,0,0,0,0,0,0,0,0,0,0,0,0,0,0,0,0,0,0,0,0,0,0,0,0,0,0,0,0,0,0,0,0,0,0,0,0,0,0,0,0,0,0,0,0,0,0,0,0,0,0,0,0,0,0,0,0,0,0,0,0,0,0,0,0,0,0,0,0,0,0,0,0,0,0,0,0,0,0,0,0,0,0,0,0,0,0,0,0,0,0,0,0,0,0,0,0,0,0,0,0,0,0,0,0,0,0,0,0,0,0,0,0,0,0,0,0,0,0,0,0,0,0,2,0,0,0,0,0,0,0,0,0,0,0,0,0,0,0,0,0,0,0,0,0,0,0,0,0,0,0,0,0,0,0,0,0,0,0,0,0,0,0,0,0,0,0,0,0,0,0,0,0,0,0,0,0,0,0,0,0,0,0,0,0,0,0,0,0,0,0,0,0,0,0,0,0,0,0,0,0,0,0,0,0,0,0,0,0,0,0,0,0,0,0,0,0,0,0,0,0,0,0,0,0,0,0,0,0,0,0,0,0,0,0,0,0,0,0,0,0,0,0,0,0,0,0,0,0,0,0,0,0,0,0,0,0,0,0,0,0,0,0,0,0,0,0,0,0,0,0,0,0,0,0,0,0,0,0,0,0,0,0,0
LF131930.1,0,0,0,0,0,0,0,0,0,0,0,0,0,0,0,0,0,0,0,0,0,0,0,0,0,0,0,0,0,0,0,0,0,0,0,0,0,0,0,0,0,0,0,0,0,0,0,0,0,0,0,0,0,0,0,0,0,0,0,0,0,0,0,0,0,0,0,0,0,0,0,0,0,0,0,0,0,0,0,0,0,0,0,0,0,0,0,0,0,0,0,0,0,0,0,0,0,0,0,0,0,0,0,0,0,0,0,0,0,0,0,0,0,0,0,0,0,0,0,0,0,0,0,0,0,0,0,0,0,0,0,0,0,0,0,0,0,0,0,0,0,0,0,0,0,0,0,0,0,0,0,0,0,0,0,0,0,0,0,0,0,0,0,0,0,0,0,0,0,0,0,0,0,0,0,0,0,0,0,0,0,0,0,0,0,0,0,0,0,0,0,0,0,0,0,0,0,0,0,0,0,0,0,0,0,0,0,0,0,0,0,0,0,0,0,0,0,0,0,0,0,0,0,0,0,0,0,0,0,0,0,0,0,0,0,0,0,0,0,0,0,0,0,0,0,0,0,0,0,0,0,0,0,0,0,0,0,0,0,0,0,0,0,0,0,0,0,0,0,0,0,0,0,0,0,0,0,0,0,0,0,0,0,0,0,0,0,0,0,0,0,0,0,0,0,0,0,0,0,0,0,0,0,0,0,0,0,0,0,0,0,0,0,0,0,0,0,0,0,0,0,0,0,0,0,0,0,0,0,0,0,0,0,0,0,0,0,0,0,0,0,0,0,0,0,0,0,0,0,0,0,0,0,0,0,0,0,0,0,0,0,0,0,0,0,0,0,0,0,0,0,0,0,0,0,0,0,0,0,0,0,0,0,0,0,0,0,0,0,0,0,0,0,0,0,0,0,0,0,0,0,0,0,0,0,0,0,0,0,0,0,0,0,0,0,0,0,0,0,0,0,0,0,0,0,0,0,0,0,0,0,0,0,0,0,0,0,0,0,0,0,0,0,0,0,0,0,0,1,0,0,0,0,0,0,0,0,0,0,0,0,0,0,0,0,0,0,0,0,0,0,0,0,0,0,0,0,0,0,0,0,0,0,0,0,0,0,0,0,0,0,0,0,0,0,0,0,0,0,0,0,0,0,0,0,0,0,0,0,0,0,0,0,0,0,0,0,0,0,0,0,0,0,0,0,0,0,0,0,0,0,0,0,0,0,0,0,0,0,0,0,0,0,0,0,0,0,0,0,0,0,0,0,0,0,0,0,0,0,0,0,0,0,0,0,0,0,0,0,0,0,0,0,0,0,0,0,0,0,0,0,0,0,0,0,0,0,0,0,0,0,0,0,0,0,0,0,0,0,0,0,0,0,0,0,0,0,0,0,0,0,0,0,0,0,0,0,0,0,0,0,0,0,0
JX560539.1,0,0,0,0,0,0,0,0,0,0,0,0,0,0,0,0,0,0,0,0,0,0,0,0,0,0,0,0,0,0,0,0,0,0,0,0,0,0,0,0,0,0,0,0,0,0,0,0,0,1,0,0,0,0,0,0,0,0,0,0,0,0,0,0,0,0,0,0,0,0,0,0,0,0,0,0,0,0,0,0,0,0,0,0,0,0,0,0,0,0,0,0,0,0,0,0,0,0,0,0,0,0,0,0,0,0,0,0,0,0,0,0,0,0,0,0,0,0,0,0,0,0,0,0,0,0,0,0,0,0,0,0,0,0,0,0,0,0,0,0,0,0,0,0,0,0,0,0,0,0,0,0,0,0,0,0,0,0,0,0,0,0,0,0,0,0,0,0,0,0,0,0,0,0,0,0,0,0,0,0,0,0,0,0,0,0,0,0,0,0,0,0,0,0,0,0,0,0,0,0,0,0,0,0,0,0,0,0,0,0,0,0,0,0,0,0,0,0,0,0,0,0,0,0,0,0,0,0,0,0,0,0,0,0,0,0,0,0,0,0,0,0,0,0,0,0,0,0,0,0,0,0,0,0,0,0,0,0,0,0,0,0,0,0,0,0,0,0,0,0,0,0,0,0,0,0,0,0,0,0,0,0,0,0,0,0,0,0,0,0,0,0,0,0,0,0,0,0,0,0,0,0,0,0,0,0,0,0,0,0,0,0,0,0,0,0,0,0,0,0,0,0,0,0,0,0,0,0,0,0,0,0,0,0,0,0,0,0,0,0,0,0,0,0,0,0,0,0,0,0,0,0,0,0,0,0,0,0,0,0,0,0,0,0,0,0,0,0,0,0,0,0,0,0,0,0,0,0,0,0,0,0,0,0,0,0,0,0,0,0,0,0,0,0,0,0,0,0,0,0,0,0,0,0,0,0,0,0,0,0,0,0,0,0,0,0,0,0,0,0,0,0,0,0,0,0,0,0,0,0,0,0,0,0,0,0,0,0,0,0,0,0,0,0,0,0,0,0,0,0,0,0,0,0,0,0,0,0,0,0,0,0,0,0,0,0,0,0,0,0,0,0,0,0,0,0,0,0,0,0,0,0,0,0,0,0,0,0,0,0,0,0,0,0,0,0,0,0,0,0,0,0,0,0,0,0,0,0,0,0,0,0,0,0,0,0,0,0,0,0,0,0,0,0,0,0,0,0,0,0,0,0,0,0,0,0,0,0,0,0,0,0,0,0,0,0,0,0,0,0,0,0,0,0,0,0,0,0,0,0,0,0,0,0,0,0,0,0,0,0,0,0,0,0,0,0,0,0,0,0,0,0,0,0,0,0,0,0,0,0,0,0,0,0,0,0,0,0,0,0,0,0,0,0,0,0,0,0,0,0,0,0,0,0,0,0,0,0,0,0,0,0,0,0
